timestamp,ADA-USDT,AVAX-USDT,BNB-USDT,BTC-USDT,ETH-USDT,SOL-USDT,XRP-USDT
2018-01-01,0.0,0.0,0.0,0.0,0.0,0.0,0.0
2018-01-02,0.0,0.0,0.0,0.0,0.0,0.0,0.0
2018-01-03,0.0,0.0,0.0,0.0,0.0,0.0,0.0
2018-01-04,0.0,0.0,0.0,0.0,0.0,0.0,0.0
2018-01-05,0.0,0.0,0.0,0.0,0.0,0.0,0.0
2018-01-06,0.0,0.0,0.0,0.0,0.0,0.0,0.0
2018-01-07,0.0,0.0,0.0,0.0,0.0,0.0,0.0
2018-01-08,0.0,0.0,0.0,0.0,0.0,0.0,0.0
2018-01-09,0.0,0.0,0.0,0.0,0.0,0.0,0.0
2018-01-10,0.0,0.0,0.0,0.0,0.0,0.0,0.0
2018-01-11,0.0,0.0,0.0,0.0,0.0,0.0,0.0
2018-01-12,0.0,0.0,0.0,0.0,0.0,0.0,0.0
2018-01-13,0.0,0.0,0.0,0.0,0.0,0.0,0.0
2018-01-14,0.0,0.0,0.0,0.0,0.0,0.0,0.0
2018-01-15,0.0,0.0,0.0,0.0,0.0,0.0,0.0
2018-01-16,0.0,0.0,0.0,0.0,0.0,0.0,0.0
2018-01-17,0.0,0.0,0.0,0.0,0.0,0.0,0.0
2018-01-18,0.0,0.0,0.0,0.0,0.0,0.0,0.0
2018-01-19,0.0,0.0,0.0,0.0,0.0,0.0,0.0
2018-01-20,0.0,0.0,0.0,0.0,0.0,0.0,0.0
2018-01-21,0.0,0.0,0.0,0.0,0.0,0.0,0.0
2018-01-22,0.0,0.0,0.0,0.0,0.0,0.0,0.0
2018-01-23,0.0,0.0,0.0,0.0,0.0,0.0,0.0
2018-01-24,0.0,0.0,0.0,0.0,0.0,0.0,0.0
2018-01-25,0.0,0.0,0.0,0.0,0.0,0.0,0.0
2018-01-26,0.0,0.0,0.0,0.0,0.0,0.0,0.0
2018-01-27,0.0,0.0,0.0,0.0,0.0,0.0,0.0
2018-01-28,0.0,0.0,0.0,0.0,0.0,0.0,0.0
2018-01-29,0.0,0.0,0.0,0.0,0.0,0.0,0.0
2018-01-30,0.0,0.0,0.0,0.0,0.0,0.0,0.0
2018-01-31,0.0,0.0,0.0,0.0,0.0,0.0,0.0
2018-02-01,0.0,0.0,0.0,0.0,0.0,0.0,0.0
2018-02-02,0.0,0.0,0.0,0.0,0.0,0.0,0.0
2018-02-03,0.0,0.0,0.0,0.0,0.0,0.0,0.0
2018-02-04,0.0,0.0,0.0,0.0,0.0,0.0,0.0
2018-02-05,0.0,0.0,0.0,0.0,0.0,0.0,0.0
2018-02-06,0.0,0.0,0.0,0.0,0.0,0.0,0.0
2018-02-07,0.0,0.0,0.0,0.0,0.0,0.0,0.0
2018-02-08,0.0,0.0,0.0,0.0,0.0,0.0,0.0
2018-02-09,0.0,0.0,0.0,0.0,0.0,0.0,0.0
2018-02-10,0.0,0.0,0.0,0.0,0.0,0.0,0.0
2018-02-11,0.0,0.0,0.0,0.0,0.0,0.0,0.0
2018-02-12,0.0,0.0,0.0,0.0,0.0,0.0,0.0
2018-02-13,0.0,0.0,0.0,0.0,0.0,0.0,0.0
2018-02-14,0.0,0.0,0.0,0.0,0.0,0.0,0.0
2018-02-15,0.0,0.0,0.0,0.0,0.0,0.0,0.0
2018-02-16,0.0,0.0,0.0,0.0,0.0,0.0,0.0
2018-02-17,0.0,0.0,0.0,0.0,0.0,0.0,0.0
2018-02-18,0.0,0.0,0.0,0.0,0.0,0.0,0.0
2018-02-19,0.0,0.0,0.0,0.0,0.0,0.0,0.0
2018-02-20,0.0,0.0,0.0,0.0,0.0,0.0,0.0
2018-02-21,0.0,0.0,0.0,0.0,0.0,0.0,0.0
2018-02-22,0.0,0.0,0.0,0.0,0.0,0.0,0.0
2018-02-23,0.0,0.0,0.0,0.0,0.0,0.0,0.0
2018-02-24,0.0,0.0,0.0,0.0,0.0,0.0,0.0
2018-02-25,0.0,0.0,0.0,0.0,0.0,0.0,0.0
2018-02-26,0.0,0.0,0.0,0.0,0.0,0.0,0.0
2018-02-27,0.0,0.0,0.0,0.0,0.0,0.0,0.0
2018-02-28,0.0,0.0,0.0,0.0,0.0,0.0,0.0
2018-03-01,0.0,0.0,0.0,0.0,0.0,0.0,0.0
2018-03-02,0.0,0.0,0.0,0.0,0.0,0.0,0.0
2018-03-03,0.0,0.0,0.0,0.0,0.0,0.0,0.0
2018-03-04,0.0,0.0,0.0,0.0,0.0,0.0,0.0
2018-03-05,0.0,0.0,0.0,0.0,0.0,0.0,0.0
2018-03-06,0.0,0.0,0.0,0.0,0.0,0.0,0.0
2018-03-07,0.0,0.0,0.0,0.0,0.0,0.0,0.0
2018-03-08,0.0,0.0,0.0,0.0,0.0,0.0,0.0
2018-03-09,0.0,0.0,0.0,0.0,0.0,0.0,0.0
2018-03-10,0.0,0.0,0.0,0.0,0.0,0.0,0.0
2018-03-11,0.0,0.0,0.0,0.0,0.0,0.0,0.0
2018-03-12,0.0,0.0,0.0,0.0,0.0,0.0,0.0
2018-03-13,0.0,0.0,0.0,0.0,0.0,0.0,0.0
2018-03-14,0.0,0.0,0.0,0.0,0.0,0.0,0.0
2018-03-15,0.0,0.0,0.0,0.0,0.0,0.0,0.0
2018-03-16,0.0,0.0,0.0,0.0,0.0,0.0,0.0
2018-03-17,0.0,0.0,0.0,0.0,0.0,0.0,0.0
2018-03-18,0.0,0.0,0.0,0.0,0.0,0.0,0.0
2018-03-19,0.0,0.0,0.0,0.0,0.0,0.0,0.0
2018-03-20,0.0,0.0,0.0,0.0,0.0,0.0,0.0
2018-03-21,0.0,0.0,0.0,0.0,0.0,0.0,0.0
2018-03-22,0.0,0.0,0.0,0.0,0.0,0.0,0.0
2018-03-23,0.0,0.0,0.0,0.0,0.0,0.0,0.0
2018-03-24,0.0,0.0,0.0,0.0,0.0,0.0,0.0
2018-03-25,0.0,0.0,0.0,0.0,0.0,0.0,0.0
2018-03-26,0.0,0.0,0.0,0.0,0.0,0.0,0.0
2018-03-27,0.0,0.0,0.0,0.0,0.0,0.0,0.0
2018-03-28,0.0,0.0,0.0,0.0,0.0,0.0,0.0
2018-03-29,0.0,0.0,0.0,0.0,0.0,0.0,0.0
2018-03-30,0.0,0.0,0.0,0.0,0.0,0.0,0.0
2018-03-31,0.0,0.0,0.0,0.0,0.0,0.0,0.0
2018-04-01,0.0,0.0,0.0,0.0,0.0,0.0,0.0
2018-04-02,0.0,0.0,0.0,0.0,0.0,0.0,0.0
2018-04-03,0.0,0.0,0.0,0.0,0.0,0.0,0.0
2018-04-04,0.0,0.0,0.0,0.0,0.0,0.0,0.0
2018-04-05,0.0,0.0,0.0,0.0,0.0,0.0,0.0
2018-04-06,0.0,0.0,0.0,0.0,0.0,0.0,0.0
2018-04-07,0.0,0.0,0.0,0.0,0.0,0.0,0.0
2018-04-08,0.0,0.0,0.0,0.0,0.0,0.0,0.0
2018-04-09,0.0,0.0,0.0,0.0,0.0,0.0,0.0
2018-04-10,0.0,0.0,0.0,0.0,0.0,0.0,0.0
2018-04-11,0.0,0.0,0.0,0.0,0.0,0.0,0.0
2018-04-12,0.0,0.0,0.0,0.0,0.0,0.0,0.0
2018-04-13,0.0,0.0,0.0,0.0,0.0,0.0,0.0
2018-04-14,0.0,0.0,0.0,0.0,0.0,0.0,0.0
2018-04-15,0.0,0.0,0.0,0.0,0.0,0.0,0.0
2018-04-16,0.0,0.0,0.0,0.0,0.0,0.0,0.0
2018-04-17,0.0,0.0,0.0,0.0,0.0,0.0,0.0
2018-04-18,0.0,0.0,0.0,0.0,0.0,0.0,0.0
2018-04-19,0.0,0.0,0.0,0.0,0.0,0.0,0.0
2018-04-20,0.0,0.0,0.0,0.0,0.0,0.0,0.0
2018-04-21,0.0,0.0,0.0,0.0,0.0,0.0,0.0
2018-04-22,0.0,0.0,0.0,0.0,0.0,0.0,0.0
2018-04-23,0.0,0.0,0.0,0.0,0.0,0.0,0.0
2018-04-24,0.0,0.0,0.0,0.0,0.0,0.0,0.0
2018-04-25,0.0,0.0,0.0,0.0,0.0,0.0,0.0
2018-04-26,0.0,0.0,0.0,0.0,0.0,0.0,0.0
2018-04-27,0.0,0.0,0.0,0.0,0.0,0.0,0.0
2018-04-28,0.0,0.0,0.0,0.0,0.0,0.0,0.0
2018-04-29,0.0,0.0,0.0,0.0,0.0,0.0,0.0
2018-04-30,0.0,0.0,0.0,0.0,0.0,0.0,0.0
2018-05-01,0.0,0.0,0.0,0.0,0.0,0.0,0.0
2018-05-02,0.0,0.0,0.0,0.0,0.0,0.0,0.0
2018-05-03,0.0,0.0,0.0,0.0,0.0,0.0,0.0
2018-05-04,0.0,0.0,0.0,0.0,0.0,0.0,0.0
2018-05-05,0.0,0.0,0.0,0.0,0.0,0.0,0.0
2018-05-06,0.0,0.0,0.0,0.0,0.0,0.0,0.0
2018-05-07,0.0,0.0,0.0,0.0,0.0,0.0,0.0
2018-05-08,0.0,0.0,0.0,0.0,0.0,0.0,0.0
2018-05-09,0.0,0.0,0.0,0.0,0.0,0.0,0.0
2018-05-10,0.0,0.0,0.0,0.0,0.0,0.0,0.0
2018-05-11,0.0,0.0,0.0,0.0,0.0,0.0,0.0
2018-05-12,0.0,0.0,0.0,0.0,0.0,0.0,0.0
2018-05-13,0.0,0.0,0.0,0.0,0.0,0.0,0.0
2018-05-14,0.0,0.0,0.0,0.0,0.0,0.0,0.0
2018-05-15,0.0,0.0,0.0,0.0,0.0,0.0,0.0
2018-05-16,0.0,0.0,0.0,0.0,0.0,0.0,0.0
2018-05-17,0.0,0.0,0.0,0.0,0.0,0.0,0.0
2018-05-18,0.0,0.0,0.0,0.0,0.0,0.0,0.0
2018-05-19,0.0,0.0,0.0,0.0,0.0,0.0,0.0
2018-05-20,0.0,0.0,0.0,0.0,0.0,0.0,0.0
2018-05-21,0.0,0.0,0.0,0.0,0.0,0.0,0.0
2018-05-22,0.0,0.0,0.0,0.0,0.0,0.0,0.0
2018-05-23,0.0,0.0,0.0,0.0,0.0,0.0,0.0
2018-05-24,0.0,0.0,0.0,0.0,0.0,0.0,0.0
2018-05-25,0.0,0.0,0.0,0.0,0.0,0.0,0.0
2018-05-26,0.0,0.0,0.0,0.0,0.0,0.0,0.0
2018-05-27,0.0,0.0,0.0,0.0,0.0,0.0,0.0
2018-05-28,0.0,0.0,0.0,0.0,0.0,0.0,0.0
2018-05-29,0.0,0.0,0.0,0.0,0.0,0.0,0.0
2018-05-30,0.0,0.0,0.0,0.0,0.0,0.0,0.0
2018-05-31,0.0,0.0,0.0,0.0,0.0,0.0,0.0
2018-06-01,0.0,0.0,0.0,0.0,0.0,0.0,0.0
2018-06-02,0.0,0.0,0.0,0.0,0.0,0.0,0.0
2018-06-03,0.0,0.0,0.0,0.0,0.0,0.0,0.0
2018-06-04,0.0,0.0,0.0,0.0,0.0,0.0,0.0
2018-06-05,0.0,0.0,0.0,0.0,0.0,0.0,0.0
2018-06-06,0.0,0.0,0.0,0.0,0.0,0.0,0.0
2018-06-07,0.0,0.0,0.0,0.0,0.0,0.0,0.0
2018-06-08,0.0,0.0,0.0,0.0,0.0,0.0,0.0
2018-06-09,0.0,0.0,0.0,0.0,0.0,0.0,0.0
2018-06-10,0.0,0.0,0.0,0.0,0.0,0.0,0.0
2018-06-11,0.0,0.0,0.0,0.0,0.0,0.0,0.0
2018-06-12,0.0,0.0,0.0,0.0,0.0,0.0,0.0
2018-06-13,0.0,0.0,0.0,0.0,0.0,0.0,0.0
2018-06-14,0.0,0.0,0.0,0.0,0.0,0.0,0.0
2018-06-15,0.0,0.0,0.0,0.0,0.0,0.0,0.0
2018-06-16,0.0,0.0,0.0,0.0,0.0,0.0,0.0
2018-06-17,0.0,0.0,0.0,0.0,0.0,0.0,0.0
2018-06-18,0.0,0.0,0.0,0.0,0.0,0.0,0.0
2018-06-19,0.0,0.0,0.0,0.0,0.0,0.0,0.0
2018-06-20,0.0,0.0,0.0,0.0,0.0,0.0,0.0
2018-06-21,0.0,0.0,0.0,0.0,0.0,0.0,0.0
2018-06-22,0.0,0.0,0.0,0.0,0.0,0.0,0.0
2018-06-23,0.0,0.0,0.0,0.0,0.0,0.0,0.0
2018-06-24,0.0,0.0,0.0,0.0,0.0,0.0,0.0
2018-06-25,0.0,0.0,0.0,0.0,0.0,0.0,0.0
2018-06-26,0.0,0.0,0.0,0.0,0.0,0.0,0.0
2018-06-27,0.0,0.0,0.0,0.0,0.0,0.0,0.0
2018-06-28,0.0,0.0,0.0,0.0,0.0,0.0,0.0
2018-06-29,0.0,0.0,0.0,0.0,0.0,0.0,0.0
2018-06-30,0.0,0.0,0.0,0.0,0.0,0.0,0.0
2018-07-01,0.0,0.0,0.0,0.0,0.0,0.0,0.0
2018-07-02,0.0,0.0,0.0,0.0,0.0,0.0,0.0
2018-07-03,0.0,0.0,0.0,0.0,0.0,0.0,0.0
2018-07-04,0.0,0.0,0.0,0.0,0.0,0.0,0.0
2018-07-05,0.0,0.0,0.0,0.0,0.0,0.0,0.0
2018-07-06,0.0,0.0,0.0,0.0,0.0,0.0,0.0
2018-07-07,0.0,0.0,0.0,0.0,0.0,0.0,0.0
2018-07-08,0.0,0.0,0.0,0.0,0.0,0.0,0.0
2018-07-09,0.0,0.0,0.0,0.0,0.0,0.0,0.0
2018-07-10,0.0,0.0,0.0,0.0,0.0,0.0,0.0
2018-07-11,0.0,0.0,0.0,0.0,0.0,0.0,0.0
2018-07-12,0.0,0.0,0.0,0.0,0.0,0.0,0.0
2018-07-13,0.0,0.0,0.0,0.0,0.0,0.0,0.0
2018-07-14,0.0,0.0,0.0,0.0,0.0,0.0,0.0
2018-07-15,0.0,0.0,0.0,0.0,0.0,0.0,0.0
2018-07-16,0.0,0.0,0.0,0.0,0.0,0.0,0.0
2018-07-17,0.0,0.0,0.0,0.0,0.0,0.0,0.0
2018-07-18,0.0,0.0,0.0,0.0,0.0,0.0,0.0
2018-07-19,0.0,0.0,0.0,0.0,0.0,0.0,0.0
2018-07-20,0.0,0.0,0.0,0.0,0.0,0.0,0.0
2018-07-21,0.0,0.0,0.0,0.0,0.0,0.0,0.0
2018-07-22,0.0,0.0,0.0,0.0,0.0,0.0,0.0
2018-07-23,0.0,0.0,0.0,0.0,0.0,0.0,0.0
2018-07-24,0.0,0.0,0.0,0.0,0.0,0.0,0.0
2018-07-25,0.0,0.0,0.0,0.0,0.0,0.0,0.0
2018-07-26,0.0,0.0,0.0,0.0,0.0,0.0,0.0
2018-07-27,0.0,0.0,0.0,0.0,0.0,0.0,0.0
2018-07-28,0.0,0.0,0.0,0.0,0.0,0.0,0.0
2018-07-29,0.0,0.0,0.0,0.0,0.0,0.0,0.0
2018-07-30,0.0,0.0,0.0,0.0,0.0,0.0,0.0
2018-07-31,0.0,0.0,0.0,0.0,0.0,0.0,0.0
2018-08-01,0.0,0.0,0.0,0.0,0.0,0.0,0.0
2018-08-02,0.0,0.0,0.0,0.0,0.0,0.0,0.0
2018-08-03,0.0,0.0,0.0,0.0,0.0,0.0,0.0
2018-08-04,0.0,0.0,0.0,0.0,0.0,0.0,0.0
2018-08-05,0.0,0.0,0.0,0.0,0.0,0.0,0.0
2018-08-06,0.0,0.0,0.0,0.0,0.0,0.0,0.0
2018-08-07,0.0,0.0,0.0,0.0,0.0,0.0,0.0
2018-08-08,0.0,0.0,0.0,0.0,0.0,0.0,0.0
2018-08-09,0.0,0.0,0.0,0.0,0.0,0.0,0.0
2018-08-10,0.0,0.0,0.0,0.0,0.0,0.0,0.0
2018-08-11,0.0,0.0,0.0,0.0,0.0,0.0,0.0
2018-08-12,0.0,0.0,0.0,0.0,0.0,0.0,0.0
2018-08-13,0.0,0.0,0.0,0.0,0.0,0.0,0.0
2018-08-14,0.0,0.0,0.0,0.0,0.0,0.0,0.0
2018-08-15,0.0,0.0,0.0,0.0,0.0,0.0,0.0
2018-08-16,0.0,0.0,0.0,0.0,0.0,0.0,0.0
2018-08-17,0.0,0.0,0.0,0.0,0.0,0.0,0.0
2018-08-18,0.0,0.0,0.0,0.0,0.0,0.0,0.0
2018-08-19,0.0,0.0,0.0,0.0,0.0,0.0,0.0
2018-08-20,0.0,0.0,0.0,0.0,0.0,0.0,0.0
2018-08-21,0.0,0.0,0.0,0.0,0.0,0.0,0.0
2018-08-22,0.0,0.0,0.0,0.0,0.0,0.0,0.0
2018-08-23,0.0,0.0,0.0,0.0,0.0,0.0,0.0
2018-08-24,0.0,0.0,0.0,0.0,0.0,0.0,0.0
2018-08-25,0.0,0.0,0.0,0.0,0.0,0.0,0.0
2018-08-26,0.0,0.0,0.0,0.0,0.0,0.0,0.0
2018-08-27,0.0,0.0,0.0,0.0,0.0,0.0,0.0
2018-08-28,0.0,0.0,0.0,0.0,0.0,0.0,0.0
2018-08-29,0.0,0.0,0.0,0.0,0.0,0.0,0.0
2018-08-30,0.0,0.0,0.0,0.0,0.0,0.0,0.0
2018-08-31,0.0,0.0,0.0,0.0,0.0,0.0,0.0
2018-09-01,0.0,0.0,0.0,0.0,0.0,0.0,0.0
2018-09-02,0.0,0.0,0.0,0.0,0.0,0.0,0.0
2018-09-03,0.0,0.0,0.0,0.0,0.0,0.0,0.0
2018-09-04,0.0,0.0,0.0,0.0,0.0,0.0,0.0
2018-09-05,0.0,0.0,0.0,0.0,0.0,0.0,0.0
2018-09-06,0.0,0.0,0.0,0.0,0.0,0.0,0.0
2018-09-07,0.0,0.0,0.0,0.0,0.0,0.0,0.0
2018-09-08,0.0,0.0,0.0,0.0,0.0,0.0,0.0
2018-09-09,0.0,0.0,0.0,0.0,0.0,0.0,0.0
2018-09-10,0.0,0.0,0.0,0.0,0.0,0.0,0.0
2018-09-11,0.0,0.0,0.0,0.0,0.0,0.0,0.0
2018-09-12,0.0,0.0,0.0,0.0,0.0,0.0,0.0
2018-09-13,0.0,0.0,0.0,0.0,0.0,0.0,0.0
2018-09-14,0.0,0.0,0.0,0.0,0.0,0.0,0.0
2018-09-15,0.0,0.0,0.0,0.0,0.0,0.0,0.0
2018-09-16,0.0,0.0,0.0,0.0,0.0,0.0,0.0
2018-09-17,0.0,0.0,0.0,0.0,0.0,0.0,0.0
2018-09-18,0.0,0.0,0.0,0.0,0.0,0.0,0.0
2018-09-19,0.0,0.0,0.0,0.0,0.0,0.0,0.0
2018-09-20,0.0,0.0,0.0,0.0,0.0,0.0,0.0
2018-09-21,0.0,0.0,0.0,0.0,0.0,0.0,0.0
2018-09-22,0.0,0.0,0.0,0.0,0.0,0.0,0.0
2018-09-23,0.0,0.0,0.0,0.0,0.0,0.0,0.0
2018-09-24,0.0,0.0,0.0,0.0,0.0,0.0,0.0
2018-09-25,0.0,0.0,0.0,0.0,0.0,0.0,0.0
2018-09-26,0.0,0.0,0.0,0.0,0.0,0.0,0.0
2018-09-27,0.0,0.0,0.0,0.0,0.0,0.0,0.0
2018-09-28,0.0,0.0,0.0,0.0,0.0,0.0,0.0
2018-09-29,0.0,0.0,0.0,0.0,0.0,0.0,0.0
2018-09-30,0.0,0.0,0.0,0.0,0.0,0.0,0.0
2018-10-01,0.0,0.0,0.0,0.0,0.0,0.0,0.0
2018-10-02,0.0,0.0,0.0,0.0,0.0,0.0,0.0
2018-10-03,0.0,0.0,0.0,0.0,0.0,0.0,0.0
2018-10-04,0.0,0.0,0.0,0.0,0.0,0.0,0.0
2018-10-05,0.0,0.0,0.0,0.0,0.0,0.0,0.0
2018-10-06,0.0,0.0,0.0,0.0,0.0,0.0,0.0
2018-10-07,0.0,0.0,0.0,0.0,0.0,0.0,0.0
2018-10-08,0.0,0.0,0.0,0.0,0.0,0.0,0.0
2018-10-09,0.0,0.0,0.0,0.0,0.0,0.0,0.0
2018-10-10,0.0,0.0,0.0,0.0,0.0,0.0,0.0
2018-10-11,0.0,0.0,0.0,0.0,0.0,0.0,0.0
2018-10-12,0.0,0.0,0.0,0.0,0.0,0.0,0.0
2018-10-13,0.0,0.0,0.0,0.0,0.0,0.0,0.0
2018-10-14,0.0,0.0,0.0,0.0,0.0,0.0,0.0
2018-10-15,0.0,0.0,0.0,0.0,0.0,0.0,0.0
2018-10-16,0.0,0.0,0.0,0.0,0.0,0.0,0.0
2018-10-17,0.0,0.0,0.0,0.0,0.0,0.0,0.0
2018-10-18,0.0,0.0,0.0,0.0,0.0,0.0,0.0
2018-10-19,0.0,0.0,0.0,0.0,0.0,0.0,0.0
2018-10-20,0.0,0.0,0.0,0.0,0.0,0.0,0.0
2018-10-21,0.0,0.0,0.0,0.0,0.0,0.0,0.0
2018-10-22,0.0,0.0,0.0,0.0,0.0,0.0,0.0
2018-10-23,0.0,0.0,0.0,0.0,0.0,0.0,0.0
2018-10-24,0.0,0.0,0.0,0.0,0.0,0.0,0.0
2018-10-25,0.0,0.0,0.0,0.0,0.0,0.0,0.0
2018-10-26,0.0,0.0,0.0,0.0,0.0,0.0,0.0
2018-10-27,0.0,0.0,0.0,0.0,0.0,0.0,0.0
2018-10-28,0.0,0.0,0.0,0.0,0.0,0.0,0.0
2018-10-29,0.0,0.0,0.0,0.0,0.0,0.0,0.0
2018-10-30,0.0,0.0,0.0,0.0,0.0,0.0,0.0
2018-10-31,0.0,0.0,0.0,0.0,0.0,0.0,0.0
2018-11-01,0.0,0.0,0.0,0.0,0.0,0.0,0.0
2018-11-02,0.0,0.0,0.0,0.0,0.0,0.0,0.0
2018-11-03,0.0,0.0,0.0,0.0,0.0,0.0,0.0
2018-11-04,0.0,0.0,0.0,0.0,0.0,0.0,0.0
2018-11-05,0.0,0.0,0.0,0.0,0.0,0.0,0.0
2018-11-06,0.0,0.0,0.0,0.0,0.0,0.0,0.0
2018-11-07,0.0,0.0,0.0,0.0,0.0,0.0,0.0
2018-11-08,0.0,0.0,0.0,0.0,0.0,0.0,0.0
2018-11-09,0.0,0.0,0.0,0.0,0.0,0.0,0.0
2018-11-10,0.0,0.0,0.0,0.0,0.0,0.0,0.0
2018-11-11,0.0,0.0,0.0,0.0,0.0,0.0,0.0
2018-11-12,0.0,0.0,0.0,0.0,0.0,0.0,0.0
2018-11-13,0.0,0.0,0.0,0.0,0.0,0.0,0.0
2018-11-14,0.0,0.0,0.0,0.0,0.0,0.0,0.0
2018-11-15,0.0,0.0,0.0,0.0,0.0,0.0,0.0
2018-11-16,0.0,0.0,0.0,0.0,0.0,0.0,0.0
2018-11-17,0.0,0.0,0.0,0.0,0.0,0.0,0.0
2018-11-18,0.0,0.0,0.0,0.0,0.0,0.0,0.0
2018-11-19,0.0,0.0,0.0,0.0,0.0,0.0,0.0
2018-11-20,0.0,0.0,0.0,0.0,0.0,0.0,0.0
2018-11-21,0.0,0.0,0.0,0.0,0.0,0.0,0.0
2018-11-22,0.0,0.0,0.0,0.0,0.0,0.0,0.0
2018-11-23,0.0,0.0,0.0,0.0,0.0,0.0,0.0
2018-11-24,0.0,0.0,0.0,0.0,0.0,0.0,0.0
2018-11-25,0.0,0.0,0.0,0.0,0.0,0.0,0.0
2018-11-26,0.0,0.0,0.0,0.0,0.0,0.0,0.0
2018-11-27,0.0,0.0,0.0,0.0,0.0,0.0,0.0
2018-11-28,0.0,0.0,0.0,0.0,0.0,0.0,0.0
2018-11-29,0.0,0.0,0.0,0.0,0.0,0.0,0.0
2018-11-30,0.0,0.0,0.0,0.0,0.0,0.0,0.0
2018-12-01,0.0,0.0,0.0,0.0,0.0,0.0,0.0
2018-12-02,0.0,0.0,0.0,0.0,0.0,0.0,0.0
2018-12-03,0.0,0.0,0.0,0.0,0.0,0.0,0.0
2018-12-04,0.0,0.0,0.0,0.0,0.0,0.0,0.0
2018-12-05,0.0,0.0,0.0,0.0,0.0,0.0,0.0
2018-12-06,0.0,0.0,0.0,0.0,0.0,0.0,0.0
2018-12-07,0.0,0.0,0.0,0.0,0.0,0.0,0.0
2018-12-08,0.0,0.0,0.0,0.0,0.0,0.0,0.0
2018-12-09,0.0,0.0,0.0,0.0,0.0,0.0,0.0
2018-12-10,0.0,0.0,0.0,0.0,0.0,0.0,0.0
2018-12-11,0.0,0.0,0.0,0.0,0.0,0.0,0.0
2018-12-12,0.0,0.0,0.0,0.0,0.0,0.0,0.0
2018-12-13,0.0,0.0,0.0,0.0,0.0,0.0,0.0
2018-12-14,0.0,0.0,0.0,0.0,0.0,0.0,0.0
2018-12-15,0.0,0.0,0.0,0.0,0.0,0.0,0.0
2018-12-16,0.0,0.0,0.0,0.0,0.0,0.0,0.0
2018-12-17,0.0,0.0,0.0,0.0,0.0,0.0,0.0
2018-12-18,0.0,0.0,0.0,0.0,0.0,0.0,0.0
2018-12-19,0.0,0.0,0.0,0.0,0.0,0.0,0.0
2018-12-20,0.0,0.0,0.0,0.0,0.0,0.0,0.0
2018-12-21,0.0,0.0,0.0,0.0,0.0,0.0,0.0
2018-12-22,0.0,0.0,0.0,0.0,0.0,0.0,0.0
2018-12-23,0.0,0.0,0.0,0.0,0.0,0.0,0.0
2018-12-24,0.0,0.0,0.0,0.0,0.0,0.0,0.0
2018-12-25,0.0,0.0,0.0,0.0,0.0,0.0,0.0
2018-12-26,0.0,0.0,0.0,0.0,0.0,0.0,0.0
2018-12-27,0.0,0.0,0.0,0.0,0.0,0.0,0.0
2018-12-28,0.0,0.0,0.0,0.0,0.0,0.0,0.0
2018-12-29,0.0,0.0,0.0,0.0,0.0,0.0,0.0
2018-12-30,0.0,0.0,0.0,0.0,0.0,0.0,0.0
2018-12-31,0.0,0.0,0.0,0.0,0.0,0.0,0.0
2019-01-01,0.0,0.0,0.0,0.0,0.0,0.0,0.0
2019-01-02,0.0,0.0,0.0,0.0,0.0,0.0,0.0
2019-01-03,0.0,0.0,0.0,0.0,0.0,0.0,0.0
2019-01-04,0.0,0.0,0.0,0.0,0.0,0.0,0.0
2019-01-05,0.0,0.0,0.0,0.0,0.0,0.0,0.0
2019-01-06,0.0,0.0,0.0,0.0,0.0,0.0,0.0
2019-01-07,0.0,0.0,0.0,0.0,0.0,0.0,0.0
2019-01-08,0.0,0.0,0.0,0.0,0.0,0.0,0.0
2019-01-09,0.0,0.0,0.0,0.0,0.0,0.0,0.0
2019-01-10,0.0,0.0,0.0,0.0,0.0,0.0,0.0
2019-01-11,0.0,0.0,0.0,0.0,0.0,0.0,0.0
2019-01-12,0.0,0.0,0.0,0.0,0.0,0.0,0.0
2019-01-13,0.0,0.0,0.0,0.0,0.0,0.0,0.0
2019-01-14,0.0,0.0,0.0,0.0,0.0,0.0,0.0
2019-01-15,0.0,0.0,0.0,0.0,0.0,0.0,0.0
2019-01-16,0.0,0.0,0.0,0.0,0.0,0.0,0.0
2019-01-17,0.0,0.0,0.0,0.0,0.0,0.0,0.0
2019-01-18,0.0,0.0,0.0,0.0,0.0,0.0,0.0
2019-01-19,0.0,0.0,0.0,0.0,0.0,0.0,0.0
2019-01-20,0.0,0.0,0.0,0.0,0.0,0.0,0.0
2019-01-21,0.0,0.0,0.0,0.0,0.0,0.0,0.0
2019-01-22,0.0,0.0,0.0,0.0,0.0,0.0,0.0
2019-01-23,0.0,0.0,0.0,0.0,0.0,0.0,0.0
2019-01-24,0.0,0.0,0.0,0.0,0.0,0.0,0.0
2019-01-25,0.0,0.0,0.0,0.0,0.0,0.0,0.0
2019-01-26,0.0,0.0,0.0,0.0,0.0,0.0,0.0
2019-01-27,0.0,0.0,0.0,0.0,0.0,0.0,0.0
2019-01-28,0.0,0.0,0.0,0.0,0.0,0.0,0.0
2019-01-29,0.0,0.0,0.0,0.0,0.0,0.0,0.0
2019-01-30,0.0,0.0,0.0,0.0,0.0,0.0,0.0
2019-01-31,0.0,0.0,0.0,0.0,0.0,0.0,0.0
2019-02-01,0.0,0.0,0.0,0.0,0.0,0.0,0.0
2019-02-02,0.0,0.0,0.0,0.0,0.0,0.0,0.0
2019-02-03,0.0,0.0,0.0,0.0,0.0,0.0,0.0
2019-02-04,0.0,0.0,0.0,0.0,0.0,0.0,0.0
2019-02-05,0.0,0.0,0.0,0.0,0.0,0.0,0.0
2019-02-06,0.0,0.0,0.0,0.0,0.0,0.0,0.0
2019-02-07,0.0,0.0,0.0,0.0,0.0,0.0,0.0
2019-02-08,0.0,0.0,0.0,0.0,0.0,0.0,0.0
2019-02-09,0.0,0.0,0.0,0.0,0.0,0.0,0.0
2019-02-10,0.0,0.0,0.08610034130352813,0.0,0.0,0.0,0.0
2019-02-11,0.0,0.0,0.08610034130352813,0.0,0.0,0.0,0.0
2019-02-12,0.0,0.0,0.08610034130352813,0.0,0.0,0.0,0.0
2019-02-13,0.0,0.0,0.08610034130352813,0.0,0.0,0.0,0.0
2019-02-14,0.0,0.0,0.08610034130352813,0.0,0.0,0.0,0.0
2019-02-15,0.0,0.0,0.0,0.0,0.0,0.0,0.0
2019-02-16,0.0,0.0,0.0,0.0,0.0,0.0,0.0
2019-02-17,0.0,0.0,0.0,0.0,0.0,0.0,0.0
2019-02-18,0.0,0.0,0.0,0.0,0.0,0.0,0.0
2019-02-19,0.0,0.0,0.0,0.0,0.0,0.0,0.0
2019-02-20,0.0,0.0,0.07602648237412157,0.0,0.0,0.0,0.0
2019-02-21,0.0,0.0,0.07602648237412157,0.0,0.0,0.0,0.0
2019-02-22,0.0,0.0,0.07602648237412157,0.0,0.0,0.0,0.0
2019-02-23,0.0,0.0,0.07602648237412157,0.0,0.0,0.0,0.0
2019-02-24,0.0,0.0,0.07602648237412157,0.0,0.0,0.0,0.0
2019-02-25,0.0,0.0,0.0,0.0,0.0,0.0,0.0
2019-02-26,0.0,0.0,0.0,0.0,0.0,0.0,0.0
2019-02-27,0.0,0.0,0.0,0.0,0.0,0.0,0.0
2019-02-28,0.0,0.0,0.0,0.0,0.0,0.0,0.0
2019-03-01,0.0,0.0,0.0,0.0,0.0,0.0,0.0
2019-03-02,0.0,0.0,0.0729795470675527,0.0,0.0,0.0,0.0
2019-03-03,0.0,0.0,0.0729795470675527,0.0,0.0,0.0,0.0
2019-03-04,0.0,0.0,0.0729795470675527,0.0,0.0,0.0,0.0
2019-03-05,0.0,0.0,0.0729795470675527,0.0,0.0,0.0,0.0
2019-03-06,0.0,0.0,0.0,0.0,0.0,0.0,0.0
2019-03-07,0.0,0.0,0.07843977757382715,0.0,0.0,0.0,0.0
2019-03-08,0.0,0.0,0.07843977757382715,0.0,0.0,0.0,0.0
2019-03-09,0.0,0.0,0.07843977757382715,0.0,0.0,0.0,0.0
2019-03-10,0.0,0.0,0.07843977757382715,0.0,0.0,0.0,0.0
2019-03-11,0.0,0.0,0.07843977757382715,0.0,0.0,0.0,0.0
2019-03-12,0.0,0.0,0.07843977757382715,0.0,0.0,0.0,0.0
2019-03-13,0.0,0.0,0.07843977757382715,0.0,0.0,0.0,0.0
2019-03-14,0.0,0.0,0.07843977757382715,0.0,0.0,0.0,0.0
2019-03-15,0.0,0.0,0.07843977757382715,0.0,0.0,0.0,0.0
2019-03-16,0.0,0.0,0.07843977757382715,0.0,0.0,0.0,0.0
2019-03-17,0.0,0.0,0.07843977757382715,0.0,0.0,0.0,0.0
2019-03-18,0.0,0.0,0.07843977757382715,0.0,0.0,0.0,0.0
2019-03-19,0.0,0.0,0.07843977757382715,0.0,0.0,0.0,0.0
2019-03-20,0.0,0.0,0.07843977757382715,0.0,0.0,0.0,0.0
2019-03-21,0.0,0.0,0.07843977757382715,0.0,0.0,0.0,0.0
2019-03-22,0.0,0.0,0.0,0.0,0.0,0.0,0.0
2019-03-23,0.09582158845962524,0.0,0.0,0.0,0.0,0.0,0.0
2019-03-24,0.0,0.0,0.0,0.0,0.0,0.0,0.0
2019-03-25,0.0,0.0,0.0800509043951828,0.0,0.0,0.0,0.0
2019-03-26,0.0,0.0,0.0800509043951828,0.0,0.0,0.0,0.0
2019-03-27,0.0,0.0,0.0800509043951828,0.0,0.0,0.0,0.0
2019-03-28,0.08432384789725512,0.0,0.0800509043951828,0.0,0.0,0.0,0.0
2019-03-29,0.08432384789725512,0.0,0.0800509043951828,0.0,0.0,0.0,0.0
2019-03-30,0.08432384789725512,0.0,0.0800509043951828,0.0,0.0,0.0,0.0
2019-03-31,0.08432384789725512,0.0,0.0800509043951828,0.0,0.0,0.0,0.0
2019-04-01,0.08432384789725512,0.0,0.0800509043951828,0.0,0.0,0.0,0.0
2019-04-02,0.08432384789725512,0.0,0.0800509043951828,0.0,0.0,0.0,0.0
2019-04-03,0.0,0.0,0.0,0.21034969577550183,0.0,0.0,0.0
2019-04-04,0.0795191295191295,0.0,0.0,0.21034969577550183,0.0,0.0,0.0
2019-04-05,0.0795191295191295,0.0,0.0,0.21034969577550183,0.0,0.0,0.0
2019-04-06,0.0795191295191295,0.0,0.0,0.21034969577550183,0.0,0.0,0.0
2019-04-07,0.0795191295191295,0.0,0.0,0.21034969577550183,0.0,0.0,0.0
2019-04-08,0.0795191295191295,0.0,0.0,0.21034969577550183,0.0,0.0,0.0
2019-04-09,0.0795191295191295,0.0,0.0,0.21034969577550183,0.1051417813860453,0.0,0.0
2019-04-10,0.0795191295191295,0.0,0.0,0.21034969577550183,0.1051417813860453,0.0,0.0
2019-04-11,0.0795191295191295,0.0,0.0,0.21034969577550183,0.1051417813860453,0.0,0.0
2019-04-12,0.0,0.0,0.0,0.0,0.0,0.0,0.0
2019-04-13,0.0,0.0,0.0,0.0,0.0,0.0,0.0
2019-04-14,0.0,0.0,0.0,0.0,0.0,0.0,0.0
2019-04-15,0.0,0.0,0.0,0.0,0.0,0.0,0.0
2019-04-16,0.0,0.0,0.0,0.0,0.0,0.0,0.0
2019-04-17,0.0,0.0,0.0,0.0,0.0,0.0,0.0
2019-04-18,0.0,0.0,0.0,0.0,0.0,0.0,0.0
2019-04-19,0.0,0.0,0.08741917576251347,0.0,0.0,0.0,0.0
2019-04-20,0.0,0.0,0.0,0.0,0.0,0.0,0.0
2019-04-21,0.0,0.0,0.08772589007828392,0.0,0.0,0.0,0.0
2019-04-22,0.0,0.0,0.08772589007828392,0.0,0.0,0.0,0.0
2019-04-23,0.0,0.0,0.08772589007828392,0.0,0.0,0.0,0.0
2019-04-24,0.0,0.0,0.08772589007828392,0.14007471249713133,0.0,0.0,0.0
2019-04-25,0.0,0.0,0.0,0.14007471249713133,0.0,0.0,0.0
2019-04-26,0.0,0.0,0.0,0.14007471249713133,0.0,0.0,0.0
2019-04-27,0.0,0.0,0.0,0.14007471249713133,0.0,0.0,0.0
2019-04-28,0.0,0.0,0.0,0.14007471249713133,0.0,0.0,0.0
2019-04-29,0.0,0.0,0.0,0.14007471249713133,0.0,0.0,0.0
2019-04-30,0.0,0.0,0.0,0.14007471249713133,0.0,0.0,0.0
2019-05-01,0.0,0.0,0.0,0.14007471249713133,0.0,0.0,0.0
2019-05-02,0.0,0.0,0.0,0.14007471249713133,0.0,0.0,0.0
2019-05-03,0.0,0.0,0.0,0.14007471249713133,0.0,0.0,0.0
2019-05-04,0.0,0.0,0.0,0.14007471249713133,0.0,0.0,0.0
2019-05-05,0.0,0.0,0.0,0.14007471249713133,0.0,0.0,0.0
2019-05-06,0.0,0.0,0.0,0.14007471249713133,0.0,0.0,0.0
2019-05-07,0.0,0.0,0.0,0.14007471249713133,0.0,0.0,0.0
2019-05-08,0.0,0.0,0.0,0.14007471249713133,0.0,0.0,0.0
2019-05-09,0.0,0.0,0.0,0.14007471249713133,0.0,0.0,0.0
2019-05-10,0.0,0.0,0.0,0.14007471249713133,0.0,0.0,0.0
2019-05-11,0.0,0.0,0.0,0.14007471249713133,0.0,0.0,0.0
2019-05-12,0.0,0.0,0.0,0.0,0.09144230769230764,0.0,0.0
2019-05-13,0.0,0.0,0.0,0.0,0.09144230769230764,0.0,0.0
2019-05-14,0.0,0.0,0.0,0.11542031982885574,0.09144230769230764,0.0,0.0
2019-05-15,0.0,0.0,0.0,0.11542031982885574,0.09144230769230764,0.0,0.10438466642846206
2019-05-16,0.0,0.0,0.07416599356030851,0.11542031982885574,0.0,0.0,0.0
2019-05-17,0.0,0.0,0.07416599356030851,0.11542031982885574,0.0879982683406041,0.0,0.0
2019-05-18,0.0,0.0,0.0,0.0,0.0,0.0,0.0
2019-05-19,0.0,0.0,0.06732180819997664,0.0,0.0,0.0,0.0
2019-05-20,0.0,0.0,0.06732180819997664,0.0,0.0,0.0,0.0
2019-05-21,0.0,0.0,0.06732180819997664,0.0,0.0,0.0,0.0
2019-05-22,0.0,0.0,0.06732180819997664,0.0,0.0,0.0,0.0
2019-05-23,0.0,0.0,0.06732180819997664,0.0,0.0,0.0,0.0
2019-05-24,0.0,0.0,0.06732180819997664,0.0,0.0,0.0,0.0
2019-05-25,0.0,0.0,0.06732180819997664,0.0,0.0,0.0,0.0
2019-05-26,0.0,0.0,0.06732180819997664,0.0,0.0,0.0,0.0
2019-05-27,0.0,0.0,0.06732180819997664,0.07478401052861863,0.0,0.0,0.0
2019-05-28,0.0,0.0,0.06732180819997664,0.07478401052861863,0.0,0.0,0.0
2019-05-29,0.0,0.0,0.06732180819997664,0.07478401052861863,0.0,0.0,0.0
2019-05-30,0.0,0.0,0.06732180819997664,0.07478401052861863,0.0,0.0,0.0
2019-05-31,0.0,0.0,0.06732180819997664,0.07478401052861863,0.0,0.0,0.0
2019-06-01,0.0,0.0,0.06732180819997664,0.07478401052861863,0.0,0.0,0.0
2019-06-02,0.0,0.0,0.06732180819997664,0.07478401052861863,0.0,0.0,0.0
2019-06-03,0.0,0.0,0.06732180819997664,0.07478401052861863,0.0,0.0,0.0
2019-06-04,0.0,0.0,0.06732180819997664,0.07478401052861863,0.0,0.0,0.0
2019-06-05,0.0,0.0,0.0,0.0,0.0,0.0,0.0
2019-06-06,0.0,0.0,0.0,0.0,0.0,0.0,0.0
2019-06-07,0.0,0.0,0.0,0.0,0.0,0.0,0.0
2019-06-08,0.0,0.0,0.0,0.0,0.0,0.0,0.0
2019-06-09,0.0,0.0,0.0,0.0,0.0,0.0,0.0
2019-06-10,0.0,0.0,0.0,0.0,0.0,0.0,0.0
2019-06-11,0.0,0.0,0.0,0.0,0.0,0.0,0.0
2019-06-12,0.0,0.0,0.0,0.0,0.0,0.0,0.0
2019-06-13,0.0,0.0,0.0,0.0,0.0,0.0,0.0
2019-06-14,0.0,0.0,0.0,0.0,0.0,0.0,0.0
2019-06-15,0.0,0.0,0.0,0.0,0.0,0.0,0.0
2019-06-16,0.0,0.0,0.0,0.0,0.0,0.0,0.0
2019-06-17,0.0,0.0,0.0,0.0,0.0,0.0,0.0
2019-06-18,0.0,0.0,0.0,0.0,0.0,0.0,0.0
2019-06-19,0.0,0.0,0.0,0.0,0.0,0.0,0.0
2019-06-20,0.0,0.0,0.0,0.0,0.0,0.0,0.0
2019-06-21,0.0,0.0,0.08599377656805501,0.11537972872709276,0.0,0.0,0.0
2019-06-22,0.0,0.0,0.08599377656805501,0.11537972872709276,0.10707530010913056,0.0,0.0
2019-06-23,0.0,0.0,0.08599377656805501,0.11537972872709276,0.10707530010913056,0.0,0.0
2019-06-24,0.0,0.0,0.08599377656805501,0.11537972872709276,0.10707530010913056,0.0,0.0
2019-06-25,0.0,0.0,0.08599377656805501,0.11537972872709276,0.10707530010913056,0.0,0.0
2019-06-26,0.0,0.0,0.08599377656805501,0.11537972872709276,0.10707530010913056,0.0,0.0
2019-06-27,0.0,0.0,0.08599377656805501,0.0,0.10707530010913056,0.0,0.0
2019-06-28,0.0,0.0,0.0,0.0,0.0,0.0,0.0
2019-06-29,0.0,0.0,0.0,0.0,0.0,0.0,0.0
2019-06-30,0.0,0.0,0.0,0.0,0.0,0.0,0.0
2019-07-01,0.0,0.0,0.0,0.0,0.0,0.0,0.0
2019-07-02,0.0,0.0,0.0,0.0,0.0,0.0,0.0
2019-07-03,0.0,0.0,0.0,0.0,0.0,0.0,0.0
2019-07-04,0.0,0.0,0.0,0.0,0.0,0.0,0.0
2019-07-05,0.0,0.0,0.0,0.0,0.0,0.0,0.0
2019-07-06,0.0,0.0,0.0,0.0,0.0,0.0,0.0
2019-07-07,0.0,0.0,0.0,0.0,0.0,0.0,0.0
2019-07-08,0.0,0.0,0.0,0.0,0.0,0.0,0.0
2019-07-09,0.0,0.0,0.0,0.0,0.0,0.0,0.0
2019-07-10,0.0,0.0,0.0,0.0,0.0,0.0,0.0
2019-07-11,0.0,0.0,0.0,0.0,0.0,0.0,0.0
2019-07-12,0.0,0.0,0.0,0.0,0.0,0.0,0.0
2019-07-13,0.0,0.0,0.0,0.0,0.0,0.0,0.0
2019-07-14,0.0,0.0,0.0,0.0,0.0,0.0,0.0
2019-07-15,0.0,0.0,0.0,0.0,0.0,0.0,0.0
2019-07-16,0.0,0.0,0.0,0.0,0.0,0.0,0.0
2019-07-17,0.0,0.0,0.0,0.0,0.0,0.0,0.0
2019-07-18,0.0,0.0,0.0,0.0,0.0,0.0,0.0
2019-07-19,0.0,0.0,0.0,0.0,0.0,0.0,0.0
2019-07-20,0.0,0.0,0.0,0.0,0.0,0.0,0.0
2019-07-21,0.0,0.0,0.0,0.0,0.0,0.0,0.0
2019-07-22,0.0,0.0,0.0,0.0,0.0,0.0,0.0
2019-07-23,0.0,0.0,0.0,0.0,0.0,0.0,0.0
2019-07-24,0.0,0.0,0.0,0.0,0.0,0.0,0.0
2019-07-25,0.0,0.0,0.0,0.0,0.0,0.0,0.0
2019-07-26,0.0,0.0,0.0,0.0,0.0,0.0,0.0
2019-07-27,0.0,0.0,0.0,0.0,0.0,0.0,0.0
2019-07-28,0.0,0.0,0.0,0.0,0.0,0.0,0.0
2019-07-29,0.0,0.0,0.0,0.0,0.0,0.0,0.0
2019-07-30,0.0,0.0,0.0,0.0,0.0,0.0,0.0
2019-07-31,0.0,0.0,0.0,0.0,0.0,0.0,0.0
2019-08-01,0.0,0.0,0.0,0.0,0.0,0.0,0.0
2019-08-02,0.0,0.0,0.0,0.0,0.0,0.0,0.0
2019-08-03,0.0,0.0,0.0,0.0,0.0,0.0,0.0
2019-08-04,0.0,0.0,0.0,0.0,0.0,0.0,0.0
2019-08-05,0.0,0.0,0.0,0.0,0.0,0.0,0.0
2019-08-06,0.0,0.0,0.0,0.0,0.0,0.0,0.0
2019-08-07,0.0,0.0,0.0,0.0,0.0,0.0,0.0
2019-08-08,0.0,0.0,0.0,0.0,0.0,0.0,0.0
2019-08-09,0.0,0.0,0.0,0.0,0.0,0.0,0.0
2019-08-10,0.0,0.0,0.0,0.0,0.0,0.0,0.0
2019-08-11,0.0,0.0,0.0,0.0,0.0,0.0,0.0
2019-08-12,0.0,0.0,0.0,0.0,0.0,0.0,0.0
2019-08-13,0.0,0.0,0.0,0.0,0.0,0.0,0.0
2019-08-14,0.0,0.0,0.0,0.0,0.0,0.0,0.0
2019-08-15,0.0,0.0,0.0,0.0,0.0,0.0,0.0
2019-08-16,0.0,0.0,0.0,0.0,0.0,0.0,0.0
2019-08-17,0.0,0.0,0.0,0.0,0.0,0.0,0.0
2019-08-18,0.0,0.0,0.0,0.0,0.0,0.0,0.0
2019-08-19,0.0,0.0,0.0,0.0,0.0,0.0,0.0
2019-08-20,0.0,0.0,0.0,0.0,0.0,0.0,0.0
2019-08-21,0.0,0.0,0.0,0.0,0.0,0.0,0.0
2019-08-22,0.0,0.0,0.0,0.0,0.0,0.0,0.0
2019-08-23,0.0,0.0,0.0,0.0,0.0,0.0,0.0
2019-08-24,0.0,0.0,0.0,0.0,0.0,0.0,0.0
2019-08-25,0.0,0.0,0.0,0.0,0.0,0.0,0.0
2019-08-26,0.0,0.0,0.0,0.0,0.0,0.0,0.0
2019-08-27,0.0,0.0,0.0,0.0,0.0,0.0,0.0
2019-08-28,0.0,0.0,0.0,0.0,0.0,0.0,0.0
2019-08-29,0.0,0.0,0.0,0.0,0.0,0.0,0.0
2019-08-30,0.0,0.0,0.0,0.0,0.0,0.0,0.0
2019-08-31,0.0,0.0,0.0,0.0,0.0,0.0,0.0
2019-09-01,0.0,0.0,0.0,0.0,0.0,0.0,0.0
2019-09-02,0.0,0.0,0.0,0.0,0.0,0.0,0.0
2019-09-03,0.0,0.0,0.0,0.0,0.0,0.0,0.0
2019-09-04,0.0,0.0,0.0,0.0,0.0,0.0,0.0
2019-09-05,0.0,0.0,0.0,0.0,0.0,0.0,0.0
2019-09-06,0.0,0.0,0.0,0.0,0.0,0.0,0.0
2019-09-07,0.0,0.0,0.0,0.0,0.0,0.0,0.0
2019-09-08,0.0,0.0,0.0,0.0,0.0,0.0,0.0
2019-09-09,0.0,0.0,0.0,0.0,0.0,0.0,0.0
2019-09-10,0.0,0.0,0.0,0.0,0.0,0.0,0.0
2019-09-11,0.0,0.0,0.0,0.0,0.0,0.0,0.0
2019-09-12,0.0,0.0,0.0,0.0,0.0,0.0,0.0
2019-09-13,0.0,0.0,0.0,0.0,0.0,0.0,0.0
2019-09-14,0.0,0.0,0.0,0.0,0.0,0.0,0.0
2019-09-15,0.0,0.0,0.0,0.0,0.0,0.0,0.0
2019-09-16,0.0,0.0,0.0,0.0,0.0,0.0,0.0
2019-09-17,0.0,0.0,0.0,0.0,0.0,0.0,0.0
2019-09-18,0.0,0.0,0.0,0.0,0.0,0.0,0.0
2019-09-19,0.0,0.0,0.0,0.0,0.0,0.0,0.0
2019-09-20,0.0,0.0,0.0,0.0,0.0,0.0,0.0
2019-09-21,0.0,0.0,0.0,0.0,0.0,0.0,0.0
2019-09-22,0.0,0.0,0.0,0.0,0.0,0.0,0.0
2019-09-23,0.0,0.0,0.0,0.0,0.0,0.0,0.0
2019-09-24,0.0,0.0,0.0,0.0,0.0,0.0,0.0
2019-09-25,0.0,0.0,0.0,0.0,0.0,0.0,0.0
2019-09-26,0.0,0.0,0.0,0.0,0.0,0.0,0.0
2019-09-27,0.0,0.0,0.0,0.0,0.0,0.0,0.0
2019-09-28,0.0,0.0,0.0,0.0,0.0,0.0,0.0
2019-09-29,0.0,0.0,0.0,0.0,0.0,0.0,0.0
2019-09-30,0.0,0.0,0.0,0.0,0.0,0.0,0.0
2019-10-01,0.0,0.0,0.0,0.0,0.0,0.0,0.0
2019-10-02,0.0,0.0,0.0,0.0,0.0,0.0,0.0
2019-10-03,0.0,0.0,0.0,0.0,0.0,0.0,0.0
2019-10-04,0.0,0.0,0.0,0.0,0.0,0.0,0.0
2019-10-05,0.0,0.0,0.0,0.0,0.0,0.0,0.0
2019-10-06,0.0,0.0,0.0,0.0,0.0,0.0,0.0
2019-10-07,0.0,0.0,0.0,0.0,0.0,0.0,0.0
2019-10-08,0.0,0.0,0.0,0.0,0.0,0.0,0.0
2019-10-09,0.0,0.0,0.0,0.0,0.0,0.0,0.0
2019-10-10,0.0,0.0,0.0,0.0,0.0,0.0,0.0
2019-10-11,0.0,0.0,0.0,0.0,0.0,0.0,0.0
2019-10-12,0.0,0.0,0.0,0.0,0.0,0.0,0.0
2019-10-13,0.0,0.0,0.0,0.0,0.0,0.0,0.0
2019-10-14,0.0,0.0,0.0,0.0,0.0,0.0,0.0
2019-10-15,0.0,0.0,0.0,0.0,0.0,0.0,0.0
2019-10-16,0.0,0.0,0.0,0.0,0.0,0.0,0.0
2019-10-17,0.0,0.0,0.0,0.0,0.0,0.0,0.0
2019-10-18,0.0,0.0,0.0,0.0,0.0,0.0,0.0
2019-10-19,0.0,0.0,0.0,0.0,0.0,0.0,0.0
2019-10-20,0.0,0.0,0.0,0.0,0.0,0.0,0.0
2019-10-21,0.0,0.0,0.0,0.0,0.0,0.0,0.0
2019-10-22,0.0,0.0,0.0,0.0,0.0,0.0,0.0
2019-10-23,0.0,0.0,0.0,0.0,0.0,0.0,0.0
2019-10-24,0.0,0.0,0.0,0.0,0.0,0.0,0.0
2019-10-25,0.0,0.0,0.0,0.0,0.0,0.0,0.0
2019-10-26,0.0,0.0,0.0,0.0,0.0,0.0,0.0
2019-10-27,0.0,0.0,0.0,0.0,0.0,0.0,0.0
2019-10-28,0.0,0.0,0.0,0.0,0.0,0.0,0.0
2019-10-29,0.0,0.0,0.0,0.0,0.0,0.0,0.0
2019-10-30,0.0,0.0,0.0,0.0,0.0,0.0,0.0
2019-10-31,0.0,0.0,0.0,0.0,0.0,0.0,0.0
2019-11-01,0.0,0.0,0.0,0.0,0.0,0.0,0.0
2019-11-02,0.0,0.0,0.0,0.0,0.0,0.0,0.0
2019-11-03,0.0,0.0,0.0,0.0,0.0,0.0,0.0
2019-11-04,0.0,0.0,0.0,0.0,0.0,0.0,0.0
2019-11-05,0.0,0.0,0.0,0.0,0.0,0.0,0.0
2019-11-06,0.0,0.0,0.0,0.0,0.0,0.0,0.0
2019-11-07,0.0,0.0,0.0,0.0,0.0,0.0,0.0
2019-11-08,0.0,0.0,0.0,0.0,0.0,0.0,0.0
2019-11-09,0.0,0.0,0.0,0.0,0.0,0.0,0.0
2019-11-10,0.0,0.0,0.0,0.0,0.0,0.0,0.0
2019-11-11,0.0,0.0,0.0,0.0,0.0,0.0,0.0
2019-11-12,0.0,0.0,0.0,0.0,0.0,0.0,0.0
2019-11-13,0.0,0.0,0.0,0.0,0.0,0.0,0.0
2019-11-14,0.0,0.0,0.0,0.0,0.0,0.0,0.0
2019-11-15,0.0,0.0,0.0,0.0,0.0,0.0,0.0
2019-11-16,0.0,0.0,0.0,0.0,0.0,0.0,0.0
2019-11-17,0.0,0.0,0.0,0.0,0.0,0.0,0.0
2019-11-18,0.0,0.0,0.0,0.0,0.0,0.0,0.0
2019-11-19,0.0,0.0,0.0,0.0,0.0,0.0,0.0
2019-11-20,0.0,0.0,0.0,0.0,0.0,0.0,0.0
2019-11-21,0.0,0.0,0.0,0.0,0.0,0.0,0.0
2019-11-22,0.0,0.0,0.0,0.0,0.0,0.0,0.0
2019-11-23,0.0,0.0,0.0,0.0,0.0,0.0,0.0
2019-11-24,0.0,0.0,0.0,0.0,0.0,0.0,0.0
2019-11-25,0.0,0.0,0.0,0.0,0.0,0.0,0.0
2019-11-26,0.0,0.0,0.0,0.0,0.0,0.0,0.0
2019-11-27,0.0,0.0,0.0,0.0,0.0,0.0,0.0
2019-11-28,0.0,0.0,0.0,0.0,0.0,0.0,0.0
2019-11-29,0.0,0.0,0.0,0.0,0.0,0.0,0.0
2019-11-30,0.0,0.0,0.0,0.0,0.0,0.0,0.0
2019-12-01,0.0,0.0,0.0,0.0,0.0,0.0,0.0
2019-12-02,0.0,0.0,0.0,0.0,0.0,0.0,0.0
2019-12-03,0.0,0.0,0.0,0.0,0.0,0.0,0.0
2019-12-04,0.0,0.0,0.0,0.0,0.0,0.0,0.0
2019-12-05,0.0,0.0,0.0,0.0,0.0,0.0,0.0
2019-12-06,0.0,0.0,0.0,0.0,0.0,0.0,0.0
2019-12-07,0.0,0.0,0.0,0.0,0.0,0.0,0.0
2019-12-08,0.0,0.0,0.0,0.0,0.0,0.0,0.0
2019-12-09,0.0,0.0,0.0,0.0,0.0,0.0,0.0
2019-12-10,0.0,0.0,0.0,0.0,0.0,0.0,0.0
2019-12-11,0.0,0.0,0.0,0.0,0.0,0.0,0.0
2019-12-12,0.0,0.0,0.0,0.0,0.0,0.0,0.0
2019-12-13,0.0,0.0,0.0,0.0,0.0,0.0,0.0
2019-12-14,0.0,0.0,0.0,0.0,0.0,0.0,0.0
2019-12-15,0.0,0.0,0.0,0.0,0.0,0.0,0.0
2019-12-16,0.0,0.0,0.0,0.0,0.0,0.0,0.0
2019-12-17,0.0,0.0,0.0,0.0,0.0,0.0,0.0
2019-12-18,0.0,0.0,0.0,0.0,0.0,0.0,0.0
2019-12-19,0.0,0.0,0.0,0.0,0.0,0.0,0.0
2019-12-20,0.0,0.0,0.0,0.0,0.0,0.0,0.0
2019-12-21,0.0,0.0,0.0,0.0,0.0,0.0,0.0
2019-12-22,0.0,0.0,0.0,0.0,0.0,0.0,0.0
2019-12-23,0.0,0.0,0.0,0.0,0.0,0.0,0.0
2019-12-24,0.0,0.0,0.0,0.0,0.0,0.0,0.0
2019-12-25,0.0,0.0,0.0,0.0,0.0,0.0,0.0
2019-12-26,0.0,0.0,0.0,0.0,0.0,0.0,0.0
2019-12-27,0.0,0.0,0.0,0.0,0.0,0.0,0.0
2019-12-28,0.0,0.0,0.0,0.0,0.0,0.0,0.0
2019-12-29,0.0,0.0,0.0,0.0,0.0,0.0,0.0
2019-12-30,0.0,0.0,0.0,0.0,0.0,0.0,0.0
2019-12-31,0.0,0.0,0.0,0.0,0.0,0.0,0.0
2020-01-01,0.0,0.0,0.0,0.0,0.0,0.0,0.0
2020-01-02,0.0,0.0,0.0,0.0,0.0,0.0,0.0
2020-01-03,0.0,0.0,0.0,0.0,0.0,0.0,0.0
2020-01-04,0.0,0.0,0.0,0.0,0.0,0.0,0.0
2020-01-05,0.0,0.0,0.0,0.0,0.0,0.0,0.0
2020-01-06,0.0,0.0,0.0,0.0,0.0,0.0,0.0
2020-01-07,0.0,0.0,0.0,0.0,0.0,0.0,0.0
2020-01-08,0.0,0.0,0.0,0.0,0.0,0.0,0.0
2020-01-09,0.0,0.0,0.0,0.0,0.0,0.0,0.0
2020-01-10,0.0,0.0,0.0,0.0,0.0,0.0,0.0
2020-01-11,0.0,0.0,0.0,0.0,0.0,0.0,0.0
2020-01-12,0.0,0.0,0.0,0.0,0.0,0.0,0.0
2020-01-13,0.0,0.0,0.0,0.0,0.0,0.0,0.0
2020-01-14,0.0,0.0,0.0,0.0,0.0,0.0,0.0
2020-01-15,0.0,0.0,0.0,0.0,0.0,0.0,0.0
2020-01-16,0.0,0.0,0.0,0.0,0.0,0.0,0.0
2020-01-17,0.0,0.0,0.0,0.0,0.0,0.0,0.0
2020-01-18,0.0,0.0,0.0,0.0,0.0,0.0,0.0
2020-01-19,0.0,0.0,0.0,0.0,0.0,0.0,0.0
2020-01-20,0.0,0.0,0.0,0.0,0.0,0.0,0.0
2020-01-21,0.0,0.0,0.0,0.0,0.0,0.0,0.0
2020-01-22,0.09111067115422689,0.0,0.0,0.0,0.0,0.0,0.0
2020-01-23,0.09111067115422689,0.0,0.0,0.0,0.0,0.0,0.0
2020-01-24,0.09111067115422689,0.0,0.0,0.0,0.0,0.0,0.0
2020-01-25,0.09111067115422689,0.0,0.0,0.0,0.0,0.0,0.0
2020-01-26,0.09111067115422689,0.0,0.0,0.0,0.0,0.0,0.0
2020-01-27,0.09111067115422689,0.0,0.0,0.0,0.0,0.0,0.0
2020-01-28,0.09111067115422689,0.0,0.0,0.0,0.0,0.0,0.0
2020-01-29,0.09111067115422689,0.0,0.0,0.13143338254613887,0.0,0.0,0.0
2020-01-30,0.09111067115422689,0.0,0.0,0.13143338254613887,0.0,0.0,0.0
2020-01-31,0.09111067115422689,0.0,0.0,0.13143338254613887,0.09460123956359169,0.0,0.0
2020-02-01,0.09111067115422689,0.0,0.0,0.13143338254613887,0.09460123956359169,0.0,0.0
2020-02-02,0.09111067115422689,0.0,0.0,0.13143338254613887,0.09460123956359169,0.0,0.0
2020-02-03,0.09111067115422689,0.0,0.0,0.13143338254613887,0.09460123956359169,0.0,0.0
2020-02-04,0.09111067115422689,0.0,0.0,0.13143338254613887,0.09460123956359169,0.0,0.0
2020-02-05,0.09111067115422689,0.0,0.0,0.13143338254613887,0.09460123956359169,0.0,0.09469452806800067
2020-02-06,0.09111067115422689,0.0,0.0,0.13143338254613887,0.09460123956359169,0.0,0.09469452806800067
2020-02-07,0.09111067115422689,0.0,0.10970418221483817,0.13143338254613887,0.09460123956359169,0.0,0.09469452806800067
2020-02-08,0.09111067115422689,0.0,0.10970418221483817,0.13143338254613887,0.09460123956359169,0.0,0.09469452806800067
2020-02-09,0.09111067115422689,0.0,0.10970418221483817,0.13143338254613887,0.09460123956359169,0.0,0.09469452806800067
2020-02-10,0.09111067115422689,0.0,0.0,0.13143338254613887,0.09460123956359169,0.0,0.09469452806800067
2020-02-11,0.09111067115422689,0.0,0.11041564212449073,0.13143338254613887,0.09460123956359169,0.0,0.09469452806800067
2020-02-12,0.09111067115422689,0.0,0.11041564212449073,0.13143338254613887,0.09460123956359169,0.0,0.09469452806800067
2020-02-13,0.09111067115422689,0.0,0.11041564212449073,0.13143338254613887,0.0,0.0,0.09469452806800067
2020-02-14,0.09111067115422689,0.0,0.11041564212449073,0.13143338254613887,0.0,0.0,0.09469452806800067
2020-02-15,0.09111067115422689,0.0,0.11041564212449073,0.13143338254613887,0.10224827882960401,0.0,0.09469452806800067
2020-02-16,0.09111067115422689,0.0,0.0,0.13143338254613887,0.10224827882960401,0.0,0.0
2020-02-17,0.0,0.0,0.0,0.0,0.0,0.0,0.0
2020-02-18,0.0,0.0,0.0,0.0,0.0,0.0,0.0
2020-02-19,0.0,0.0,0.0,0.0,0.0,0.0,0.0
2020-02-20,0.0,0.0,0.0,0.0,0.0,0.0,0.0
2020-02-21,0.0,0.0,0.0,0.0,0.0,0.0,0.0
2020-02-22,0.0,0.0,0.0,0.0,0.0,0.0,0.0
2020-02-23,0.0,0.0,0.0,0.0,0.0,0.0,0.0
2020-02-24,0.0,0.0,0.0,0.0,0.0,0.0,0.0
2020-02-25,0.0,0.0,0.0,0.0,0.0,0.0,0.0
2020-02-26,0.0,0.0,0.0,0.0,0.0,0.0,0.0
2020-02-27,0.0,0.0,0.0,0.0,0.0,0.0,0.0
2020-02-28,0.0,0.0,0.0,0.0,0.0,0.0,0.0
2020-02-29,0.0,0.0,0.0,0.0,0.0,0.0,0.0
2020-03-01,0.0,0.0,0.0,0.0,0.0,0.0,0.0
2020-03-02,0.0,0.0,0.0,0.0,0.0,0.0,0.0
2020-03-03,0.0,0.0,0.0,0.0,0.0,0.0,0.0
2020-03-04,0.0,0.0,0.0,0.0,0.0,0.0,0.0
2020-03-05,0.0,0.0,0.0,0.0,0.0,0.0,0.0
2020-03-06,0.0,0.0,0.0,0.0,0.0,0.0,0.0
2020-03-07,0.0,0.0,0.0,0.0,0.0,0.0,0.0
2020-03-08,0.0,0.0,0.0,0.0,0.0,0.0,0.0
2020-03-09,0.0,0.0,0.0,0.0,0.0,0.0,0.0
2020-03-10,0.0,0.0,0.0,0.0,0.0,0.0,0.0
2020-03-11,0.0,0.0,0.0,0.0,0.0,0.0,0.0
2020-03-12,0.0,0.0,0.0,0.0,0.0,0.0,0.0
2020-03-13,0.0,0.0,0.0,0.0,0.0,0.0,0.0
2020-03-14,0.0,0.0,0.0,0.0,0.0,0.0,0.0
2020-03-15,0.0,0.0,0.0,0.0,0.0,0.0,0.0
2020-03-16,0.0,0.0,0.0,0.0,0.0,0.0,0.0
2020-03-17,0.0,0.0,0.0,0.0,0.0,0.0,0.0
2020-03-18,0.0,0.0,0.0,0.0,0.0,0.0,0.0
2020-03-19,0.0,0.0,0.0,0.0,0.0,0.0,0.0
2020-03-20,0.0,0.0,0.0,0.0,0.0,0.0,0.0
2020-03-21,0.0,0.0,0.0,0.0,0.0,0.0,0.0
2020-03-22,0.0,0.0,0.0,0.0,0.0,0.0,0.0
2020-03-23,0.0,0.0,0.0,0.0,0.0,0.0,0.0
2020-03-24,0.0,0.0,0.0,0.0,0.0,0.0,0.0
2020-03-25,0.0,0.0,0.0,0.0,0.0,0.0,0.0
2020-03-26,0.0,0.0,0.0,0.0,0.0,0.0,0.0
2020-03-27,0.0,0.0,0.0,0.0,0.0,0.0,0.0
2020-03-28,0.0,0.0,0.0,0.0,0.0,0.0,0.0
2020-03-29,0.0,0.0,0.0,0.0,0.0,0.0,0.0
2020-03-30,0.0,0.0,0.0,0.0,0.0,0.0,0.0
2020-03-31,0.0,0.0,0.0,0.0,0.0,0.0,0.0
2020-04-01,0.0,0.0,0.0,0.0,0.0,0.0,0.0
2020-04-02,0.0,0.0,0.0,0.0,0.0,0.0,0.0
2020-04-03,0.0,0.0,0.0,0.0,0.0,0.0,0.0
2020-04-04,0.0,0.0,0.0,0.0,0.0,0.0,0.0
2020-04-05,0.0,0.0,0.0,0.0,0.0,0.0,0.0
2020-04-06,0.0,0.0,0.0,0.0,0.0,0.0,0.0
2020-04-07,0.0,0.0,0.0,0.0,0.0,0.0,0.0
2020-04-08,0.0,0.0,0.0,0.0,0.0,0.0,0.0
2020-04-09,0.0,0.0,0.0,0.0,0.0,0.0,0.0
2020-04-10,0.0,0.0,0.0,0.0,0.0,0.0,0.0
2020-04-11,0.0,0.0,0.0,0.0,0.0,0.0,0.0
2020-04-12,0.0,0.0,0.0,0.0,0.0,0.0,0.0
2020-04-13,0.0,0.0,0.0,0.0,0.0,0.0,0.0
2020-04-14,0.0,0.0,0.0,0.0,0.0,0.0,0.0
2020-04-15,0.0,0.0,0.0,0.0,0.0,0.0,0.0
2020-04-16,0.0,0.0,0.0,0.0,0.0,0.0,0.0
2020-04-17,0.0,0.0,0.0,0.0,0.0,0.0,0.0
2020-04-18,0.0,0.0,0.0,0.0,0.0,0.0,0.0
2020-04-19,0.0,0.0,0.0,0.0,0.0,0.0,0.0
2020-04-20,0.0,0.0,0.0,0.0,0.0,0.0,0.0
2020-04-21,0.0,0.0,0.0,0.0,0.0,0.0,0.0
2020-04-22,0.0,0.0,0.0,0.0,0.0,0.0,0.0
2020-04-23,0.0,0.0,0.0,0.0,0.0,0.0,0.0
2020-04-24,0.0,0.0,0.0,0.0,0.0,0.0,0.0
2020-04-25,0.0,0.0,0.0,0.0,0.0,0.0,0.0
2020-04-26,0.0,0.0,0.0,0.0,0.0,0.0,0.0
2020-04-27,0.0,0.0,0.0,0.0,0.0,0.0,0.0
2020-04-28,0.0,0.0,0.0,0.0,0.0,0.0,0.0
2020-04-29,0.0,0.0,0.0,0.0,0.0,0.0,0.0
2020-04-30,0.0,0.0,0.0,0.0,0.0,0.0,0.0
2020-05-01,0.0,0.0,0.0,0.0,0.0,0.0,0.0
2020-05-02,0.0,0.0,0.0,0.0,0.0,0.0,0.0
2020-05-03,0.0,0.0,0.0,0.0,0.0,0.0,0.0
2020-05-04,0.0,0.0,0.0,0.0,0.0,0.0,0.0
2020-05-05,0.0,0.0,0.0,0.0,0.0,0.0,0.0
2020-05-06,0.0,0.0,0.0,0.0,0.0,0.0,0.0
2020-05-07,0.0,0.0,0.0,0.0,0.0,0.0,0.0
2020-05-08,0.0,0.0,0.0,0.11052734684119839,0.0,0.0,0.0
2020-05-09,0.0,0.0,0.0,0.11052734684119839,0.0,0.0,0.0
2020-05-10,0.0,0.0,0.0,0.11052734684119839,0.0,0.0,0.0
2020-05-11,0.0,0.0,0.0,0.0,0.0,0.0,0.0
2020-05-12,0.0,0.0,0.0,0.0,0.0,0.0,0.0
2020-05-13,0.0,0.0,0.0,0.0,0.0,0.0,0.0
2020-05-14,0.0,0.0,0.0,0.0,0.0,0.0,0.0
2020-05-15,0.0,0.0,0.0,0.0,0.0,0.0,0.0
2020-05-16,0.0,0.0,0.0,0.0,0.0,0.0,0.0
2020-05-17,0.0,0.0,0.0,0.0,0.0,0.0,0.0
2020-05-18,0.0,0.0,0.0,0.0,0.0,0.0,0.0
2020-05-19,0.0,0.0,0.0,0.0,0.0,0.0,0.0
2020-05-20,0.08070798976400344,0.0,0.0,0.0,0.0,0.0,0.0
2020-05-21,0.08070798976400344,0.0,0.0,0.0,0.0,0.0,0.0
2020-05-22,0.08070798976400344,0.0,0.0,0.0,0.0,0.0,0.0
2020-05-23,0.08070798976400344,0.0,0.0,0.0,0.0,0.0,0.0
2020-05-24,0.08070798976400344,0.0,0.0,0.0,0.0,0.0,0.0
2020-05-25,0.08070798976400344,0.0,0.0,0.0,0.0,0.0,0.0
2020-05-26,0.08070798976400344,0.0,0.0,0.0,0.0,0.0,0.0
2020-05-27,0.08070798976400344,0.0,0.0,0.0,0.0,0.0,0.0
2020-05-28,0.08070798976400344,0.0,0.0,0.0,0.0,0.0,0.0
2020-05-29,0.0,0.0,0.0,0.0,0.0,0.0,0.0
2020-05-30,0.0,0.0,0.0,0.0,0.0,0.0,0.0
2020-05-31,0.08561727707892682,0.0,0.0,0.0,0.10436905679773836,0.0,0.0
2020-06-01,0.08561727707892682,0.0,0.0,0.0,0.10436905679773836,0.0,0.0
2020-06-02,0.08561727707892682,0.0,0.0,0.10384735590994469,0.10436905679773836,0.0,0.0
2020-06-03,0.08561727707892682,0.0,0.0,0.10384735590994469,0.10436905679773836,0.0,0.0
2020-06-04,0.08561727707892682,0.0,0.0,0.10384735590994469,0.10436905679773836,0.0,0.0
2020-06-05,0.08561727707892682,0.0,0.0,0.10384735590994469,0.10436905679773836,0.0,0.0
2020-06-06,0.08561727707892682,0.0,0.0,0.10384735590994469,0.10436905679773836,0.0,0.0
2020-06-07,0.08561727707892682,0.0,0.0,0.10384735590994469,0.10436905679773836,0.0,0.0
2020-06-08,0.08561727707892682,0.0,0.0,0.10384735590994469,0.10436905679773836,0.0,0.0
2020-06-09,0.08561727707892682,0.0,0.0,0.10384735590994469,0.10436905679773836,0.0,0.0
2020-06-10,0.08561727707892682,0.0,0.0,0.10384735590994469,0.10436905679773836,0.0,0.0
2020-06-11,0.08561727707892682,0.0,0.0,0.10384735590994469,0.10436905679773836,0.0,0.0
2020-06-12,0.0,0.0,0.0,0.0,0.10436905679773836,0.0,0.0
2020-06-13,0.0,0.0,0.0,0.0,0.10436905679773836,0.0,0.0
2020-06-14,0.0,0.0,0.0,0.0,0.10436905679773836,0.0,0.0
2020-06-15,0.0,0.0,0.0,0.0,0.10436905679773836,0.0,0.0
2020-06-16,0.0,0.0,0.0,0.0,0.0,0.0,0.0
2020-06-17,0.0,0.0,0.0,0.0,0.0,0.0,0.0
2020-06-18,0.0,0.0,0.0,0.0,0.0,0.0,0.0
2020-06-19,0.0,0.0,0.0,0.0,0.0,0.0,0.0
2020-06-20,0.0,0.0,0.0,0.0,0.0,0.0,0.0
2020-06-21,0.0,0.0,0.0,0.0,0.0,0.0,0.0
2020-06-22,0.0,0.0,0.0,0.0,0.0,0.0,0.0
2020-06-23,0.0,0.0,0.0,0.0,0.0,0.0,0.0
2020-06-24,0.0,0.0,0.0,0.0,0.0,0.0,0.0
2020-06-25,0.0,0.0,0.0,0.0,0.0,0.0,0.0
2020-06-26,0.0,0.0,0.0,0.0,0.0,0.0,0.0
2020-06-27,0.0,0.0,0.0,0.0,0.0,0.0,0.0
2020-06-28,0.0,0.0,0.0,0.0,0.0,0.0,0.0
2020-06-29,0.0,0.0,0.0,0.0,0.0,0.0,0.0
2020-06-30,0.0,0.0,0.0,0.0,0.0,0.0,0.0
2020-07-01,0.0,0.0,0.0,0.0,0.0,0.0,0.0
2020-07-02,0.09396292342036293,0.0,0.0,0.0,0.0,0.0,0.0
2020-07-03,0.09396292342036293,0.0,0.0,0.0,0.0,0.0,0.0
2020-07-04,0.09396292342036293,0.0,0.0,0.0,0.0,0.0,0.0
2020-07-05,0.09396292342036293,0.0,0.0,0.0,0.0,0.0,0.0
2020-07-06,0.09396292342036293,0.0,0.0,0.0,0.0,0.0,0.0
2020-07-07,0.09396292342036293,0.0,0.0,0.0,0.0,0.0,0.0
2020-07-08,0.0,0.0,0.0,0.0,0.0,0.0,0.0
2020-07-09,0.08882280557834289,0.0,0.0,0.0,0.0,0.0,0.0
2020-07-10,0.08882280557834289,0.0,0.0,0.0,0.0,0.0,0.0
2020-07-11,0.0,0.0,0.0,0.0,0.0,0.0,0.0
2020-07-12,0.0,0.0,0.0,0.0,0.0,0.0,0.0
2020-07-13,0.0,0.0,0.13829028308873564,0.0,0.0,0.0,0.0
2020-07-14,0.0,0.0,0.13829028308873564,0.0,0.0,0.0,0.0
2020-07-15,0.0,0.0,0.13829028308873564,0.0,0.0,0.0,0.0
2020-07-16,0.0,0.0,0.13829028308873564,0.0,0.0,0.0,0.0
2020-07-17,0.0,0.0,0.0,0.0,0.0,0.0,0.0
2020-07-18,0.0,0.0,0.0,0.0,0.0,0.0,0.0
2020-07-19,0.0,0.0,0.0,0.0,0.0,0.0,0.0
2020-07-20,0.0,0.0,0.0,0.0,0.0,0.0,0.0
2020-07-21,0.0,0.0,0.0,0.0,0.0,0.0,0.0
2020-07-22,0.0,0.0,0.0,0.0,0.0,0.0,0.0
2020-07-23,0.0,0.0,0.0,0.0,0.157833632555356,0.0,0.0
2020-07-24,0.0,0.0,0.0,0.0,0.157833632555356,0.0,0.0
2020-07-25,0.0,0.0,0.10885091317594585,0.0,0.157833632555356,0.0,0.0
2020-07-26,0.0678156577580508,0.0,0.10885091317594585,0.0,0.0,0.0,0.0
2020-07-27,0.0678156577580508,0.0,0.10885091317594585,0.0,0.13760453077297463,0.0,0.0
2020-07-28,0.0678156577580508,0.0,0.10885091317594585,0.21353296705424094,0.13760453077297463,0.0,0.0
2020-07-29,0.0678156577580508,0.0,0.10885091317594585,0.21353296705424094,0.13760453077297463,0.0,0.11292600402098762
2020-07-30,0.0678156577580508,0.0,0.10885091317594585,0.21353296705424094,0.13760453077297463,0.0,0.11292600402098762
2020-07-31,0.0678156577580508,0.0,0.10885091317594585,0.21353296705424094,0.13760453077297463,0.0,0.11292600402098762
2020-08-01,0.0678156577580508,0.0,0.10885091317594585,0.21353296705424094,0.13760453077297463,0.0,0.11292600402098762
2020-08-02,0.0678156577580508,0.0,0.10885091317594585,0.21353296705424094,0.0,0.0,0.0
2020-08-03,0.0,0.0,0.0,0.0,0.0,0.0,0.0
2020-08-04,0.0,0.0,0.0,0.0,0.0,0.0,0.0
2020-08-05,0.0,0.0,0.0,0.0,0.0,0.0,0.0
2020-08-06,0.0,0.0,0.1026544925234882,0.0,0.0,0.0,0.0
2020-08-07,0.0,0.0,0.1026544925234882,0.0,0.0,0.0,0.0
2020-08-08,0.0,0.0,0.1026544925234882,0.0,0.0,0.0,0.0
2020-08-09,0.0,0.0,0.1026544925234882,0.0,0.0,0.0,0.0
2020-08-10,0.0,0.0,0.1026544925234882,0.0,0.0,0.0,0.0
2020-08-11,0.0,0.0,0.1026544925234882,0.0,0.0,0.0,0.0
2020-08-12,0.0,0.0,0.0,0.0,0.0,0.0,0.0
2020-08-13,0.0,0.0,0.0,0.0,0.0,0.0,0.0
2020-08-14,0.0,0.0,0.0,0.0,0.07297761886753529,0.0,0.0
2020-08-15,0.0,0.0,0.0,0.0,0.07297761886753529,0.0,0.0
2020-08-16,0.0,0.0,0.0,0.0,0.07297761886753529,0.0,0.0
2020-08-17,0.0,0.0,0.0,0.0,0.07297761886753529,0.0,0.0
2020-08-18,0.0,0.0,0.0,0.11570776866605365,0.07297761886753529,0.0,0.0
2020-08-19,0.0,0.0,0.0,0.11570776866605365,0.07297761886753529,0.0,0.0
2020-08-20,0.0,0.0,0.0,0.11570776866605365,0.07297761886753529,0.0,0.0
2020-08-21,0.0,0.0,0.0,0.11570776866605365,0.07297761886753529,0.0,0.0
2020-08-22,0.0,0.0,0.0,0.11570776866605365,0.07297761886753529,0.0,0.0
2020-08-23,0.0,0.0,0.0,0.11570776866605365,0.0,0.0,0.0
2020-08-24,0.0,0.0,0.0,0.11570776866605365,0.0,0.0,0.0
2020-08-25,0.0,0.0,0.0,0.11570776866605365,0.0,0.0,0.0
2020-08-26,0.0,0.0,0.0,0.0,0.0,0.0,0.0
2020-08-27,0.0,0.0,0.0,0.0,0.0,0.0,0.0
2020-08-28,0.0,0.0,0.0,0.0,0.0,0.0,0.0
2020-08-29,0.0,0.0,0.0,0.0,0.0,0.0,0.0
2020-08-30,0.0,0.0,0.0,0.0,0.0,0.0,0.0
2020-08-31,0.0,0.0,0.0,0.0,0.0,0.0,0.0
2020-09-01,0.0,0.0,0.0,0.0,0.0,0.0,0.0
2020-09-02,0.0,0.0,0.09521217961071497,0.0,0.08970319074664601,0.0,0.0
2020-09-03,0.0,0.0,0.09521217961071497,0.0,0.0,0.0,0.0
2020-09-04,0.0,0.0,0.0,0.0,0.0,0.0,0.0
2020-09-05,0.0,0.0,0.0,0.0,0.0,0.0,0.0
2020-09-06,0.0,0.0,0.0,0.0,0.0,0.0,0.0
2020-09-07,0.0,0.0,0.0,0.0,0.0,0.0,0.0
2020-09-08,0.0,0.0,0.0,0.0,0.0,0.0,0.0
2020-09-09,0.0,0.0,0.0,0.0,0.0,0.0,0.0
2020-09-10,0.0,0.0,0.0,0.0,0.0,0.0,0.0
2020-09-11,0.0,0.0,0.0,0.0,0.0,0.0,0.0
2020-09-12,0.0,0.0,0.0,0.0,0.0,0.0,0.0
2020-09-13,0.0,0.0,0.061485399239871785,0.0,0.0,0.0,0.0
2020-09-14,0.0,0.0,0.061485399239871785,0.0,0.0,0.0,0.0
2020-09-15,0.0,0.0,0.061485399239871785,0.0,0.0,0.0,0.0
2020-09-16,0.0,0.0,0.061485399239871785,0.0,0.0,0.0,0.0
2020-09-17,0.0,0.0,0.0,0.0,0.0,0.0,0.0
2020-09-18,0.0,0.0,0.0,0.0,0.0,0.0,0.0
2020-09-19,0.0,0.0,0.0,0.0,0.0,0.0,0.0
2020-09-20,0.0,0.0,0.0,0.0,0.0,0.0,0.0
2020-09-21,0.0,0.0,0.0,0.0,0.0,0.0,0.0
2020-09-22,0.0,0.0,0.0,0.0,0.0,0.0,0.0
2020-09-23,0.0,0.0,0.0,0.0,0.0,0.0,0.0
2020-09-24,0.0,0.0,0.0,0.0,0.0,0.0,0.0
2020-09-25,0.0,0.0,0.0,0.0,0.0,0.0,0.0
2020-09-26,0.0,0.0,0.0,0.0,0.0,0.0,0.0
2020-09-27,0.0,0.0,0.0,0.0,0.0,0.0,0.0
2020-09-28,0.0,0.0,0.0,0.0,0.0,0.0,0.0
2020-09-29,0.0,0.0,0.0,0.0,0.0,0.0,0.0
2020-09-30,0.0,0.0,0.0,0.0,0.0,0.0,0.0
2020-10-01,0.0,0.0,0.0,0.0,0.0,0.0,0.0
2020-10-02,0.0,0.0,0.0,0.0,0.0,0.0,0.0
2020-10-03,0.0,0.0,0.0,0.0,0.0,0.0,0.0
2020-10-04,0.0,0.0,0.0,0.0,0.0,0.0,0.0
2020-10-05,0.0,0.0,0.0,0.0,0.0,0.0,0.0
2020-10-06,0.0,0.0,0.0,0.0,0.0,0.0,0.0
2020-10-07,0.0,0.0,0.0,0.0,0.0,0.0,0.0
2020-10-08,0.0,0.0,0.0,0.0,0.0,0.0,0.0
2020-10-09,0.0,0.0,0.0,0.0,0.0,0.0,0.0
2020-10-10,0.0,0.0,0.0,0.0,0.0,0.0,0.0
2020-10-11,0.0,0.0,0.0,0.0,0.0,0.0,0.0
2020-10-12,0.0,0.0,0.0,0.0,0.0,0.0,0.0
2020-10-13,0.0,0.0,0.0,0.0,0.0,0.0,0.0
2020-10-14,0.0,0.0,0.0,0.0,0.0,0.0,0.0
2020-10-15,0.0,0.0,0.0,0.0,0.0,0.0,0.0
2020-10-16,0.0,0.0,0.0,0.0,0.0,0.0,0.0
2020-10-17,0.0,0.0,0.0,0.0,0.0,0.0,0.0
2020-10-18,0.0,0.0,0.0,0.0,0.0,0.0,0.0
2020-10-19,0.0,0.0,0.0,0.0,0.0,0.0,0.0
2020-10-20,0.0,0.0,0.0,0.0,0.0,0.0,0.0
2020-10-21,0.0,0.0,0.0,0.0,0.0,0.0,0.0
2020-10-22,0.0,0.0,0.0,0.19008197599019624,0.0,0.0,0.0
2020-10-23,0.0,0.0,0.0,0.19008197599019624,0.0,0.0,0.0
2020-10-24,0.0,0.0,0.0,0.19008197599019624,0.0,0.0,0.0
2020-10-25,0.0,0.0,0.0,0.19008197599019624,0.0,0.0,0.0
2020-10-26,0.0,0.0,0.0,0.19008197599019624,0.0,0.0,0.0
2020-10-27,0.0,0.0,0.0,0.19008197599019624,0.0,0.0,0.0
2020-10-28,0.0,0.0,0.0,0.19008197599019624,0.0,0.0,0.0
2020-10-29,0.0,0.0,0.0,0.19008197599019624,0.0,0.0,0.0
2020-10-30,0.0,0.0,0.0,0.19008197599019624,0.0,0.0,0.0
2020-10-31,0.0,0.0,0.0,0.19008197599019624,0.0,0.0,0.0
2020-11-01,0.0,0.0,0.0,0.19008197599019624,0.0,0.0,0.0
2020-11-02,0.0,0.0,0.0,0.19008197599019624,0.0,0.0,0.0
2020-11-03,0.0,0.0,0.0,0.19008197599019624,0.0,0.0,0.0
2020-11-04,0.0,0.0,0.0,0.19008197599019624,0.0,0.0,0.0
2020-11-05,0.0,0.0,0.0,0.19008197599019624,0.0,0.0,0.0
2020-11-06,0.0,0.0,0.0,0.0,0.0,0.0,0.0
2020-11-07,0.0,0.0,0.0,0.0,0.10600093001627531,0.0,0.0
2020-11-08,0.0,0.0,0.0,0.0,0.10600093001627531,0.0,0.0
2020-11-09,0.0,0.0,0.0,0.0,0.10600093001627531,0.0,0.0
2020-11-10,0.0,0.0,0.0,0.0,0.10600093001627531,0.0,0.0
2020-11-11,0.0,0.0,0.0,0.0,0.10600093001627531,0.0,0.0
2020-11-12,0.0,0.0,0.0,0.0,0.10600093001627531,0.0,0.0
2020-11-13,0.0,0.0,0.0,0.10717362974521372,0.10600093001627531,0.0,0.0
2020-11-14,0.0,0.0,0.0,0.10717362974521372,0.10600093001627531,0.0,0.0
2020-11-15,0.0,0.0,0.0,0.10717362974521372,0.10600093001627531,0.0,0.1149862825788751
2020-11-16,0.0,0.0,0.0,0.10717362974521372,0.10600093001627531,0.0,0.1149862825788751
2020-11-17,0.0,0.0,0.0,0.10717362974521372,0.10600093001627531,0.0,0.1149862825788751
2020-11-18,0.0,0.0,0.0,0.10717362974521372,0.10600093001627531,0.0,0.1149862825788751
2020-11-19,0.0,0.0,0.0,0.10717362974521372,0.10600093001627531,0.0,0.1149862825788751
2020-11-20,0.0,0.0,0.0,0.10717362974521372,0.10600093001627531,0.0,0.1149862825788751
2020-11-21,0.08049544031577516,0.0,0.0,0.10717362974521372,0.10600093001627531,0.0,0.0
2020-11-22,0.0,0.0,0.0,0.10717362974521372,0.10600093001627531,0.0,0.10410265638003549
2020-11-23,0.07920034720338522,0.0,0.0,0.10717362974521372,0.10600093001627531,0.0,0.0
2020-11-24,0.07920034720338522,0.0,0.0,0.10717362974521372,0.10600093001627531,0.0,0.08821448013064774
2020-11-25,0.07920034720338522,0.0,0.11394849929497078,0.10717362974521372,0.10600093001627531,0.0,0.0
2020-11-26,0.07920034720338522,0.0,0.0,0.10717362974521372,0.10600093001627531,0.0,0.0
2020-11-27,0.0,0.0,0.0,0.0,0.0,0.0,0.0
2020-11-28,0.0,0.0,0.0,0.0,0.0,0.0,0.0
2020-11-29,0.0,0.0,0.0,0.0,0.0,0.0,0.0
2020-11-30,0.0,0.0,0.0,0.0,0.0,0.0,0.0
2020-12-01,0.0,0.0,0.0,0.09409894978840022,0.0,0.0,0.0
2020-12-02,0.0,0.0,0.0,0.09409894978840022,0.0,0.0,0.0
2020-12-03,0.0,0.0,0.0,0.09409894978840022,0.0,0.0,0.0
2020-12-04,0.0,0.0,0.0,0.09409894978840022,0.0,0.0,0.0
2020-12-05,0.0,0.0,0.0,0.09409894978840022,0.0,0.0,0.0
2020-12-06,0.0,0.0,0.0,0.09409894978840022,0.0,0.0,0.0
2020-12-07,0.0,0.0,0.0,0.09409894978840022,0.0,0.0,0.0
2020-12-08,0.0,0.0,0.0,0.09409894978840022,0.0,0.0,0.0
2020-12-09,0.0,0.0,0.0,0.09409894978840022,0.0,0.0,0.0
2020-12-10,0.0,0.0,0.0,0.09409894978840022,0.0,0.0,0.0
2020-12-11,0.0,0.0,0.0,0.09409894978840022,0.0,0.0,0.0
2020-12-12,0.0,0.0,0.0,0.0,0.0,0.0,0.0
2020-12-13,0.0,0.0,0.0,0.0,0.0,0.0,0.0
2020-12-14,0.0,0.0,0.0,0.0,0.0,0.0,0.0
2020-12-15,0.0,0.0,0.0,0.0,0.0,0.0,0.0
2020-12-16,0.0,0.0,0.0,0.0,0.0,0.0,0.0
2020-12-17,0.0,0.0,0.0,0.11150381983386952,0.08478888607965508,0.0,0.0
2020-12-18,0.0,0.0,0.0,0.11150381983386952,0.08478888607965508,0.0,0.0
2020-12-19,0.0,0.0,0.0,0.11150381983386952,0.08478888607965508,0.0,0.0
2020-12-20,0.0,0.0,0.0,0.11150381983386952,0.08478888607965508,0.0,0.0
2020-12-21,0.0,0.0,0.0,0.11150381983386952,0.08478888607965508,0.0,0.0
2020-12-22,0.0,0.0,0.0,0.11150381983386952,0.08478888607965508,0.0,0.0
2020-12-23,0.0,0.0,0.0,0.11150381983386952,0.08478888607965508,0.0,0.0
2020-12-24,0.0,0.0,0.0,0.11150381983386952,0.0,0.0,0.0
2020-12-25,0.0,0.0,0.0,0.11150381983386952,0.0,0.0,0.0
2020-12-26,0.0,0.0,0.0,0.11150381983386952,0.0,0.0,0.0
2020-12-27,0.0,0.0,0.0,0.11150381983386952,0.0,0.0,0.0
2020-12-28,0.0,0.0,0.0,0.11150381983386952,0.08043840698821207,0.0,0.0
2020-12-29,0.0,0.0,0.08221599679835344,0.11150381983386952,0.08043840698821207,0.0,0.0
2020-12-30,0.061198485043009336,0.0,0.08221599679835344,0.11150381983386952,0.08043840698821207,0.0,0.0
2020-12-31,0.061198485043009336,0.0,0.08221599679835344,0.11150381983386952,0.08043840698821207,0.0,0.0
2021-01-01,0.061198485043009336,0.0,0.08221599679835344,0.11150381983386952,0.08043840698821207,0.0,0.0
2021-01-02,0.061198485043009336,0.0,0.08221599679835344,0.11150381983386952,0.08043840698821207,0.0,0.0
2021-01-03,0.061198485043009336,0.0,0.08221599679835344,0.11150381983386952,0.08043840698821207,0.0,0.0
2021-01-04,0.061198485043009336,0.0,0.08221599679835344,0.11150381983386952,0.0,0.0,0.0
2021-01-05,0.061198485043009336,0.0,0.08221599679835344,0.0,0.07305563544786846,0.0,0.0
2021-01-06,0.0,0.0,0.08221599679835344,0.0,0.07305563544786846,0.0,0.0
2021-01-07,0.06427703054746145,0.0,0.08221599679835344,0.08322691555953929,0.07305563544786846,0.0,0.0
2021-01-08,0.0,0.0,0.08221599679835344,0.08322691555953929,0.07305563544786846,0.0,0.0
2021-01-09,0.0,0.0,0.08221599679835344,0.08322691555953929,0.07305563544786846,0.0,0.0
2021-01-10,0.0,0.0,0.08221599679835344,0.08322691555953929,0.07305563544786846,0.0,0.0
2021-01-11,0.0,0.0,0.08221599679835344,0.0,0.07305563544786846,0.0,0.0
2021-01-12,0.0,0.0,0.0,0.0,0.0,0.0,0.0
2021-01-13,0.0,0.0,0.0,0.0,0.0,0.0,0.0
2021-01-14,0.0,0.0,0.0,0.0,0.0,0.0,0.0
2021-01-15,0.0,0.0,0.0,0.0,0.0,0.0,0.0
2021-01-16,0.0,0.0,0.0,0.0,0.0,0.0,0.0
2021-01-17,0.0,0.0,0.0,0.0,0.0,0.0,0.0
2021-01-18,0.04045575268246043,0.0,0.06426107642819513,0.0,0.0,0.0,0.0
2021-01-19,0.04045575268246043,0.0,0.06426107642819513,0.0,0.0,0.0,0.0
2021-01-20,0.04045575268246043,0.0,0.06426107642819513,0.0,0.04330297110090581,0.0,0.0
2021-01-21,0.04045575268246043,0.0,0.06426107642819513,0.0,0.04330297110090581,0.0,0.0
2021-01-22,0.04045575268246043,0.0,0.0,0.0,0.04330297110090581,0.0,0.0
2021-01-23,0.0,0.0,0.0,0.0,0.0,0.0,0.0
2021-01-24,0.0,0.0,0.0,0.0,0.0,0.0,0.0
2021-01-25,0.0,0.0,0.0,0.0,0.0,0.0,0.0
2021-01-26,0.0,0.0,0.0,0.0,0.0,0.0,0.0
2021-01-27,0.0,0.0,0.0,0.0,0.0,0.0,0.0
2021-01-28,0.0,0.0,0.0,0.0,0.0,0.0,0.0
2021-01-29,0.0,0.0,0.0,0.0,0.0,0.0,0.0
2021-01-30,0.0,0.0,0.0,0.0,0.0,0.0,0.0
2021-01-31,0.0,0.0,0.0,0.0,0.0,0.0,0.0
2021-02-01,0.0,0.0,0.0,0.0,0.0,0.0,0.0
2021-02-02,0.044219909561003044,0.0,0.07243692843704659,0.0,0.0,0.0,0.0
2021-02-03,0.044219909561003044,0.0,0.07243692843704659,0.0,0.04911395612499148,0.0,0.0
2021-02-04,0.044219909561003044,0.0,0.07243692843704659,0.0,0.04911395612499148,0.0,0.0
2021-02-05,0.044219909561003044,0.0,0.07243692843704659,0.0,0.04911395612499148,0.0,0.0
2021-02-06,0.0,0.0,0.0,0.0,0.04911395612499148,0.0,0.0
2021-02-07,0.058355408388520956,0.0,0.0798759457328381,0.0,0.04911395612499148,0.0,0.0
2021-02-08,0.058355408388520956,0.0,0.0798759457328381,0.0,0.04911395612499148,0.0,0.0
2021-02-09,0.058355408388520956,0.0,0.0,0.06981179139892237,0.04911395612499148,0.0,0.0
2021-02-10,0.058355408388520956,0.0,0.07612413094721433,0.06981179139892237,0.04911395612499148,0.0,0.0
2021-02-11,0.0,0.0,0.0,0.06981179139892237,0.04911395612499148,0.0,0.0
2021-02-12,0.0,0.0,0.0,0.06981179139892237,0.04911395612499148,0.0,0.0
2021-02-13,0.0,0.0,0.0,0.06981179139892237,0.04911395612499148,0.0,0.0
2021-02-14,0.0,0.0,0.0,0.06981179139892237,0.04911395612499148,0.0,0.0
2021-02-15,0.0,0.0,0.0,0.06981179139892237,0.04911395612499148,0.0,0.0
2021-02-16,0.0,0.0,0.0,0.06981179139892237,0.04911395612499148,0.0,0.0
2021-02-17,0.0,0.0,0.0,0.06981179139892237,0.04911395612499148,0.0,0.0
2021-02-18,0.0,0.0,0.05599679037627725,0.06981179139892237,0.04911395612499148,0.0,0.0
2021-02-19,0.0,0.0,0.05599679037627725,0.06981179139892237,0.04911395612499148,0.0,0.0
2021-02-20,0.0,0.0,0.0,0.06981179139892237,0.04911395612499148,0.0,0.0
2021-02-21,0.04943680819574792,0.0,0.0,0.06981179139892237,0.04911395612499148,0.0,0.0
2021-02-22,0.04943680819574792,0.0,0.0,0.06981179139892237,0.04911395612499148,0.0,0.0
2021-02-23,0.0,0.0,0.0,0.0,0.0,0.0,0.0
2021-02-24,0.0,0.0,0.0,0.0,0.0,0.0,0.0
2021-02-25,0.0,0.0,0.0,0.0,0.0,0.0,0.0
2021-02-26,0.0,0.0,0.0,0.0,0.0,0.0,0.0
2021-02-27,0.03965197696859499,0.0,0.0,0.0,0.0,0.0,0.0
2021-02-28,0.03965197696859499,0.0,0.0,0.0,0.0,0.0,0.0
2021-03-01,0.03965197696859499,0.0,0.0,0.0,0.0,0.0,0.0
2021-03-02,0.03965197696859499,0.0,0.0,0.0,0.0,0.0,0.0
2021-03-03,0.03965197696859499,0.0,0.0,0.0,0.0,0.0,0.0
2021-03-04,0.03965197696859499,0.0,0.0,0.0,0.0,0.0,0.0
2021-03-05,0.03965197696859499,0.0,0.0,0.0,0.0,0.0,0.0
2021-03-06,0.03965197696859499,0.0,0.0,0.0,0.0,0.0,0.0
2021-03-07,0.03965197696859499,0.0,0.0,0.0,0.0,0.0,0.0
2021-03-08,0.03965197696859499,0.0,0.0,0.0,0.0,0.0,0.0
2021-03-09,0.03965197696859499,0.0,0.0,0.0,0.0,0.0,0.0
2021-03-10,0.03965197696859499,0.0,0.0,0.0,0.0,0.0,0.0
2021-03-11,0.03965197696859499,0.0,0.0,0.0,0.0,0.0,0.0
2021-03-12,0.03965197696859499,0.0,0.0,0.0,0.0,0.0,0.0
2021-03-13,0.03965197696859499,0.0,0.0,0.0,0.0,0.0,0.0
2021-03-14,0.0,0.0,0.0,0.0692875581794705,0.0,0.0,0.0
2021-03-15,0.0,0.0,0.0,0.0692875581794705,0.0,0.0,0.0
2021-03-16,0.0,0.0,0.0,0.0692875581794705,0.0,0.0,0.0
2021-03-17,0.0,0.0,0.0,0.0692875581794705,0.0,0.0,0.0
2021-03-18,0.0,0.0,0.0,0.0692875581794705,0.0,0.0,0.0
2021-03-19,0.0,0.0,0.0,0.0692875581794705,0.0,0.0,0.0
2021-03-20,0.0,0.0,0.0,0.0692875581794705,0.0,0.0,0.0
2021-03-21,0.0,0.0,0.0,0.0692875581794705,0.0,0.0,0.0
2021-03-22,0.0,0.0,0.0,0.0692875581794705,0.0,0.0,0.0
2021-03-23,0.0,0.0,0.0,0.0692875581794705,0.0,0.0,0.0
2021-03-24,0.0,0.0,0.0,0.0692875581794705,0.0,0.0,0.0
2021-03-25,0.0,0.0,0.0,0.0,0.0,0.0,0.0
2021-03-26,0.0,0.0,0.0,0.0,0.0,0.0,0.0
2021-03-27,0.0,0.0,0.0,0.0,0.0,0.0,0.0
2021-03-28,0.0,0.0,0.0,0.0,0.0,0.0,0.0
2021-03-29,0.0,0.0,0.0,0.0,0.0,0.0,0.0
2021-03-30,0.0,0.0,0.0,0.0,0.0,0.0,0.0
2021-03-31,0.0,0.0,0.0,0.0,0.0,0.0,0.0
2021-04-01,0.0,0.0,0.0,0.0,0.0,0.0,0.0
2021-04-02,0.0,0.0,0.0,0.0,0.0,0.0,0.0
2021-04-03,0.0,0.0,0.0,0.0,0.09450389320482952,0.0,0.0
2021-04-04,0.0,0.0,0.0,0.0,0.09450389320482952,0.06758867634336245,0.0
2021-04-05,0.0,0.0,0.0,0.0,0.09450389320482952,0.06758867634336245,0.0
2021-04-06,0.0,0.0,0.07203016204062522,0.0,0.09450389320482952,0.06758867634336245,0.06852012569205447
2021-04-07,0.0,0.0,0.07203016204062522,0.0,0.09450389320482952,0.06758867634336245,0.0
2021-04-08,0.0,0.0,0.07203016204062522,0.0,0.09450389320482952,0.06758867634336245,0.0
2021-04-09,0.0,0.0,0.07203016204062522,0.0,0.09450389320482952,0.06758867634336245,0.0
2021-04-10,0.0,0.0,0.07203016204062522,0.0,0.09450389320482952,0.06758867634336245,0.0
2021-04-11,0.0,0.0,0.07203016204062522,0.0,0.09450389320482952,0.06758867634336245,0.05779602147142406
2021-04-12,0.0,0.0,0.07203016204062522,0.0,0.09450389320482952,0.06758867634336245,0.05779602147142406
2021-04-13,0.0,0.0,0.07203016204062522,0.0,0.09450389320482952,0.06758867634336245,0.05779602147142406
2021-04-14,0.0,0.0,0.07203016204062522,0.12452564689677965,0.09450389320482952,0.06758867634336245,0.0
2021-04-15,0.0,0.0,0.07203016204062522,0.12452564689677965,0.09450389320482952,0.06758867634336245,0.0
2021-04-16,0.0,0.0,0.07203016204062522,0.12452564689677965,0.09450389320482952,0.06758867634336245,0.0
2021-04-17,0.0,0.0,0.0,0.12452564689677965,0.09450389320482952,0.06758867634336245,0.0
2021-04-18,0.0,0.0,0.0,0.12452564689677965,0.09450389320482952,0.06758867634336245,0.0
2021-04-19,0.0,0.0,0.0,0.0,0.0,0.0,0.0
2021-04-20,0.0,0.0,0.0,0.0,0.0,0.0,0.0
2021-04-21,0.0,0.0,0.0,0.0,0.0,0.0,0.0
2021-04-22,0.0,0.0,0.0,0.0,0.0,0.0,0.0
2021-04-23,0.0,0.0,0.0,0.0,0.0,0.04766117195023634,0.0
2021-04-24,0.0,0.0,0.0,0.0,0.0,0.04766117195023634,0.0
2021-04-25,0.0,0.0,0.0,0.0,0.0,0.04766117195023634,0.0
2021-04-26,0.0,0.0,0.0,0.0,0.0,0.04766117195023634,0.0
2021-04-27,0.0,0.0,0.0,0.0,0.0,0.04766117195023634,0.0
2021-04-28,0.0,0.0,0.0,0.0,0.06554665853724502,0.04766117195023634,0.0
2021-04-29,0.0,0.0,0.0,0.0,0.06554665853724502,0.04766117195023634,0.0
2021-04-30,0.0,0.0,0.0,0.0,0.06554665853724502,0.04766117195023634,0.0
2021-05-01,0.0,0.0,0.0,0.0,0.06554665853724502,0.04766117195023634,0.0
2021-05-02,0.0,0.0,0.0,0.0,0.06554665853724502,0.04766117195023634,0.0
2021-05-03,0.0,0.0,0.0,0.0,0.06554665853724502,0.04766117195023634,0.0
2021-05-04,0.0,0.0,0.056371646849953355,0.0,0.0,0.04766117195023634,0.0
2021-05-05,0.0,0.0,0.056371646849953355,0.0,0.0,0.04766117195023634,0.0
2021-05-06,0.0,0.0,0.056371646849953355,0.0,0.0,0.04766117195023634,0.0
2021-05-07,0.05701020521046519,0.0,0.056371646849953355,0.0,0.0,0.04766117195023634,0.0
2021-05-08,0.05701020521046519,0.0,0.056371646849953355,0.0,0.0,0.04766117195023634,0.0
2021-05-09,0.05701020521046519,0.0,0.056371646849953355,0.0,0.07510631350479226,0.04766117195023634,0.0
2021-05-10,0.05701020521046519,0.0,0.056371646849953355,0.0,0.07510631350479226,0.04766117195023634,0.0
2021-05-11,0.05701020521046519,0.0,0.056371646849953355,0.0,0.07510631350479226,0.04766117195023634,0.0
2021-05-12,0.05701020521046519,0.0,0.056371646849953355,0.0,0.07510631350479226,0.04766117195023634,0.0
2021-05-13,0.05701020521046519,0.0,0.056371646849953355,0.0,0.07510631350479226,0.04766117195023634,0.0
2021-05-14,0.0,0.0,0.0,0.0,0.0,0.0,0.0
2021-05-15,0.055778520169650736,0.0,0.0,0.0,0.0,0.0,0.0
2021-05-16,0.055778520169650736,0.0,0.0,0.0,0.0,0.0,0.0
2021-05-17,0.055778520169650736,0.0,0.0,0.0,0.0,0.0,0.0
2021-05-18,0.055778520169650736,0.0,0.0,0.0,0.0,0.0,0.0
2021-05-19,0.055778520169650736,0.0,0.0,0.0,0.0,0.04624631323270629,0.0
2021-05-20,0.0,0.0,0.0,0.0,0.0,0.0,0.0
2021-05-21,0.0,0.0,0.0,0.0,0.0,0.0,0.0
2021-05-22,0.0,0.0,0.0,0.0,0.0,0.0,0.0
2021-05-23,0.0,0.0,0.0,0.0,0.0,0.0,0.0
2021-05-24,0.0,0.0,0.0,0.0,0.0,0.0,0.0
2021-05-25,0.0,0.0,0.0,0.0,0.0,0.0,0.0
2021-05-26,0.0,0.0,0.0,0.0,0.0,0.0,0.0
2021-05-27,0.0,0.0,0.0,0.0,0.0,0.0,0.0
2021-05-28,0.0,0.0,0.0,0.0,0.0,0.0,0.0
2021-05-29,0.0,0.0,0.0,0.0,0.0,0.0,0.0
2021-05-30,0.0,0.0,0.0,0.0,0.0,0.0,0.0
2021-05-31,0.0,0.0,0.0,0.0,0.0,0.0,0.0
2021-06-01,0.0,0.0,0.0,0.0,0.0,0.0,0.0
2021-06-02,0.0,0.0,0.0,0.0,0.0,0.0,0.0
2021-06-03,0.0,0.0,0.0,0.0,0.0,0.0,0.0
2021-06-04,0.0,0.0,0.0,0.0,0.0,0.0,0.0
2021-06-05,0.0,0.0,0.0,0.0,0.0,0.0,0.0
2021-06-06,0.0,0.0,0.0,0.0,0.0,0.0,0.0
2021-06-07,0.0,0.0,0.0,0.0,0.0,0.0,0.0
2021-06-08,0.0,0.0,0.0,0.0,0.0,0.0,0.0
2021-06-09,0.0,0.0,0.0,0.0,0.0,0.0,0.0
2021-06-10,0.0,0.0,0.0,0.0,0.0,0.0,0.0
2021-06-11,0.0,0.0,0.0,0.0,0.0,0.0,0.0
2021-06-12,0.0,0.0,0.0,0.0,0.0,0.0,0.0
2021-06-13,0.0,0.0,0.0,0.0,0.0,0.0,0.0
2021-06-14,0.0,0.0,0.0,0.0,0.0,0.0,0.0
2021-06-15,0.0,0.0,0.0,0.0,0.0,0.0,0.0
2021-06-16,0.0,0.0,0.0,0.0,0.0,0.0,0.0
2021-06-17,0.0,0.0,0.0,0.0,0.0,0.0,0.0
2021-06-18,0.0,0.0,0.0,0.0,0.0,0.0,0.0
2021-06-19,0.0,0.0,0.0,0.0,0.0,0.0,0.0
2021-06-20,0.0,0.0,0.0,0.0,0.0,0.0,0.0
2021-06-21,0.0,0.0,0.0,0.0,0.0,0.0,0.0
2021-06-22,0.0,0.0,0.0,0.0,0.0,0.0,0.0
2021-06-23,0.0,0.0,0.0,0.0,0.0,0.0,0.0
2021-06-24,0.0,0.0,0.0,0.0,0.0,0.0,0.0
2021-06-25,0.0,0.0,0.0,0.0,0.0,0.0,0.0
2021-06-26,0.0,0.0,0.0,0.0,0.0,0.0,0.0
2021-06-27,0.0,0.0,0.0,0.0,0.0,0.0,0.0
2021-06-28,0.0,0.0,0.0,0.0,0.0,0.0,0.0
2021-06-29,0.0,0.0,0.0,0.0,0.0,0.0,0.0
2021-06-30,0.0,0.0,0.0,0.0,0.0,0.0,0.0
2021-07-01,0.0,0.0,0.0,0.0,0.0,0.0,0.0
2021-07-02,0.0,0.0,0.0,0.0,0.0,0.0,0.0
2021-07-03,0.0,0.0,0.0,0.0,0.0,0.0,0.0
2021-07-04,0.0,0.0,0.0,0.0,0.0,0.0,0.0
2021-07-05,0.0,0.0,0.0,0.0,0.0,0.0,0.0
2021-07-06,0.0,0.0,0.0,0.0,0.0,0.0,0.0
2021-07-07,0.0,0.0,0.0,0.0,0.0,0.0,0.0
2021-07-08,0.0,0.0,0.0,0.0,0.0,0.0,0.0
2021-07-09,0.0,0.0,0.0,0.0,0.0,0.0,0.0
2021-07-10,0.0,0.0,0.0,0.0,0.0,0.0,0.0
2021-07-11,0.0,0.0,0.0,0.0,0.0,0.0,0.0
2021-07-12,0.0,0.0,0.0,0.0,0.0,0.0,0.0
2021-07-13,0.0,0.0,0.0,0.0,0.0,0.0,0.0
2021-07-14,0.0,0.0,0.0,0.0,0.0,0.0,0.0
2021-07-15,0.0,0.0,0.0,0.0,0.0,0.0,0.0
2021-07-16,0.0,0.0,0.0,0.0,0.0,0.0,0.0
2021-07-17,0.0,0.0,0.0,0.0,0.0,0.0,0.0
2021-07-18,0.0,0.0,0.0,0.0,0.0,0.0,0.0
2021-07-19,0.0,0.0,0.0,0.0,0.0,0.0,0.0
2021-07-20,0.0,0.0,0.0,0.0,0.0,0.0,0.0
2021-07-21,0.0,0.0,0.0,0.0,0.0,0.0,0.0
2021-07-22,0.0,0.0,0.0,0.0,0.0,0.0,0.0
2021-07-23,0.0,0.0,0.0,0.0,0.0,0.0,0.0
2021-07-24,0.0,0.0,0.0,0.0,0.0,0.0,0.0
2021-07-25,0.0,0.0,0.0,0.0,0.0,0.0,0.0
2021-07-26,0.0,0.0,0.0,0.0,0.0,0.0,0.0
2021-07-27,0.0,0.0,0.0,0.0,0.0,0.0,0.0
2021-07-28,0.0,0.0,0.0,0.0,0.0,0.0,0.0
2021-07-29,0.0,0.0,0.0,0.0,0.0,0.0,0.0
2021-07-30,0.0,0.0,0.0,0.0,0.0,0.0,0.0
2021-07-31,0.0,0.0,0.0,0.0,0.0,0.0,0.0
2021-08-01,0.0,0.0,0.0,0.0,0.0,0.0,0.0
2021-08-02,0.0,0.0,0.0,0.0,0.0,0.0,0.0
2021-08-03,0.0,0.0,0.0,0.0,0.0,0.0,0.0
2021-08-04,0.0,0.0,0.0,0.0,0.0,0.0,0.0
2021-08-05,0.0,0.0,0.0,0.0,0.08872730351421054,0.0,0.0
2021-08-06,0.0,0.0,0.0,0.0,0.08872730351421054,0.0,0.0
2021-08-07,0.0,0.0,0.0,0.0,0.08872730351421054,0.0,0.0
2021-08-08,0.0,0.0,0.0,0.0,0.08872730351421054,0.0,0.0
2021-08-09,0.0,0.0,0.0,0.0,0.08872730351421054,0.0,0.0
2021-08-10,0.0,0.0,0.0,0.0902452539363549,0.08872730351421054,0.0,0.0
2021-08-11,0.09792821709950388,0.0,0.10288243430152134,0.0902452539363549,0.08872730351421054,0.0,0.0
2021-08-12,0.09792821709950388,0.0,0.10288243430152134,0.0902452539363549,0.08872730351421054,0.0,0.07911838396492323
2021-08-13,0.09792821709950388,0.0,0.10288243430152134,0.0902452539363549,0.08872730351421054,0.0,0.07911838396492323
2021-08-14,0.0,0.0,0.10288243430152134,0.0902452539363549,0.08872730351421054,0.06627343149429364,0.07911838396492323
2021-08-15,0.09113175323863874,0.0,0.10288243430152134,0.0902452539363549,0.08872730351421054,0.06627343149429364,0.0
2021-08-16,0.09113175323863874,0.0,0.10288243430152134,0.0902452539363549,0.08872730351421054,0.0,0.0
2021-08-17,0.09113175323863874,0.0,0.10288243430152134,0.0902452539363549,0.08872730351421054,0.0686374553141567,0.0
2021-08-18,0.0,0.06701537757960328,0.10288243430152134,0.0902452539363549,0.08872730351421054,0.0686374553141567,0.0
2021-08-19,0.0,0.0,0.10288243430152134,0.0902452539363549,0.08872730351421054,0.0,0.0
2021-08-20,0.07494703877682603,0.0,0.10288243430152134,0.0902452539363549,0.08872730351421054,0.0,0.0
2021-08-21,0.07494703877682603,0.0699708715309423,0.10288243430152134,0.0902452539363549,0.08872730351421054,0.0,0.0
2021-08-22,0.07494703877682603,0.0699708715309423,0.10288243430152134,0.0902452539363549,0.08872730351421054,0.0,0.0
2021-08-23,0.07494703877682603,0.0699708715309423,0.10288243430152134,0.0902452539363549,0.08872730351421054,0.0,0.0
2021-08-24,0.07494703877682603,0.0699708715309423,0.10288243430152134,0.0902452539363549,0.08872730351421054,0.0,0.0
2021-08-25,0.07494703877682603,0.0,0.10288243430152134,0.0902452539363549,0.08872730351421054,0.0,0.0
2021-08-26,0.07494703877682603,0.0,0.10288243430152134,0.0902452539363549,0.08872730351421054,0.0,0.0
2021-08-27,0.0,0.0,0.10288243430152134,0.0902452539363549,0.08872730351421054,0.0,0.0
2021-08-28,0.0,0.0,0.10288243430152134,0.0902452539363549,0.08872730351421054,0.05104077228320145,0.0
2021-08-29,0.0,0.0,0.10288243430152134,0.0902452539363549,0.08872730351421054,0.05104077228320145,0.0
2021-08-30,0.0,0.0,0.10288243430152134,0.0902452539363549,0.08872730351421054,0.05104077228320145,0.0
2021-08-31,0.0,0.0,0.10288243430152134,0.0902452539363549,0.08872730351421054,0.05104077228320145,0.0
2021-09-01,0.0,0.0,0.10288243430152134,0.0902452539363549,0.08872730351421054,0.05104077228320145,0.0
2021-09-02,0.0,0.0,0.10288243430152134,0.0902452539363549,0.0,0.05104077228320145,0.0
2021-09-03,0.0,0.0,0.10288243430152134,0.0902452539363549,0.0,0.05104077228320145,0.0
2021-09-04,0.0,0.0,0.10288243430152134,0.0902452539363549,0.09772833868946432,0.05104077228320145,0.0
2021-09-05,0.0,0.0,0.10288243430152134,0.0902452539363549,0.09772833868946432,0.05104077228320145,0.0
2021-09-06,0.0,0.0,0.10288243430152134,0.0902452539363549,0.09772833868946432,0.05104077228320145,0.0
2021-09-07,0.0,0.0,0.10288243430152134,0.0902452539363549,0.09772833868946432,0.05104077228320145,0.07082993474714522
2021-09-08,0.0,0.0,0.0,0.0,0.0,0.0,0.0
2021-09-09,0.0,0.0,0.0,0.0,0.0,0.0,0.0
2021-09-10,0.0,0.0,0.0,0.0,0.0,0.0,0.0
2021-09-11,0.0,0.0,0.0,0.0,0.0,0.0,0.0
2021-09-12,0.0,0.0,0.0,0.0,0.0,0.0,0.0
2021-09-13,0.0,0.0,0.0,0.0,0.0,0.0,0.0
2021-09-14,0.0,0.0,0.0,0.0,0.0,0.0,0.0
2021-09-15,0.0,0.0,0.0,0.0,0.0,0.0,0.0
2021-09-16,0.0,0.0,0.0,0.0,0.0,0.0,0.0
2021-09-17,0.0,0.04033432835820896,0.0,0.0,0.0,0.0,0.0
2021-09-18,0.0,0.04033432835820896,0.0,0.0,0.0,0.0,0.0
2021-09-19,0.0,0.04033432835820896,0.0,0.0,0.0,0.0,0.0
2021-09-20,0.0,0.04033432835820896,0.0,0.0,0.0,0.0,0.0
2021-09-21,0.0,0.04033432835820896,0.0,0.0,0.0,0.0,0.0
2021-09-22,0.0,0.0,0.0,0.0,0.0,0.0,0.0
2021-09-23,0.0,0.0,0.0,0.0,0.0,0.0,0.0
2021-09-24,0.0,0.03759405891899866,0.0,0.0,0.0,0.0,0.0
2021-09-25,0.0,0.03759405891899866,0.0,0.0,0.0,0.0,0.0
2021-09-26,0.0,0.03759405891899866,0.0,0.0,0.0,0.0,0.0
2021-09-27,0.0,0.03759405891899866,0.0,0.0,0.0,0.0,0.0
2021-09-28,0.0,0.03759405891899866,0.0,0.0,0.0,0.0,0.0
2021-09-29,0.0,0.03759405891899866,0.0,0.0,0.0,0.0,0.0
2021-09-30,0.0,0.03759405891899866,0.0,0.0,0.0,0.0,0.0
2021-10-01,0.0,0.03759405891899866,0.0,0.0,0.0,0.0,0.0
2021-10-02,0.0,0.03759405891899866,0.0,0.0,0.0,0.0,0.0
2021-10-03,0.0,0.03759405891899866,0.0,0.0,0.0,0.0,0.0
2021-10-04,0.0,0.03759405891899866,0.0,0.0,0.0,0.0,0.0
2021-10-05,0.0,0.03759405891899866,0.0,0.0,0.0,0.0,0.0
2021-10-06,0.0,0.03759405891899866,0.0,0.0,0.0,0.0,0.0
2021-10-07,0.0,0.03759405891899866,0.0,0.09889797104952536,0.0,0.0,0.0
2021-10-08,0.0,0.03759405891899866,0.0,0.09889797104952536,0.0,0.0,0.0
2021-10-09,0.0,0.03759405891899866,0.0,0.09889797104952536,0.0,0.0,0.0
2021-10-10,0.0,0.03759405891899866,0.0,0.09889797104952536,0.0,0.0,0.0
2021-10-11,0.0,0.0,0.0,0.09889797104952536,0.0,0.0,0.0
2021-10-12,0.0,0.0,0.0,0.09889797104952536,0.0,0.0,0.0
2021-10-13,0.0,0.0,0.0,0.09889797104952536,0.0,0.0,0.0
2021-10-14,0.0,0.0,0.0,0.09889797104952536,0.0,0.0,0.0
2021-10-15,0.0,0.0,0.0,0.09889797104952536,0.0,0.0,0.0
2021-10-16,0.0,0.0,0.0,0.09889797104952536,0.0,0.0,0.0
2021-10-17,0.0,0.0,0.0,0.09889797104952536,0.0,0.0,0.0
2021-10-18,0.0,0.0,0.0,0.09889797104952536,0.0,0.0,0.0
2021-10-19,0.0,0.0,0.0,0.09889797104952536,0.0,0.0,0.0
2021-10-20,0.0,0.0,0.0,0.09889797104952536,0.0,0.0,0.0
2021-10-21,0.0,0.0,0.0,0.09889797104952536,0.09985266204175859,0.0,0.0
2021-10-22,0.0,0.0,0.0,0.09889797104952536,0.09985266204175859,0.0,0.0
2021-10-23,0.0,0.0,0.0,0.09889797104952536,0.09985266204175859,0.0,0.0
2021-10-24,0.0,0.0,0.0,0.0,0.09985266204175859,0.0,0.0
2021-10-25,0.0,0.0,0.0,0.0,0.09985266204175859,0.0,0.0
2021-10-26,0.0,0.0,0.0,0.0,0.09985266204175859,0.0,0.0
2021-10-27,0.0,0.0,0.0,0.0,0.09985266204175859,0.0,0.0
2021-10-28,0.0,0.0,0.0,0.0,0.09985266204175859,0.0,0.0
2021-10-29,0.0,0.0,0.0,0.0,0.09985266204175859,0.0,0.0
2021-10-30,0.0,0.0,0.08811751217161565,0.0,0.09985266204175859,0.0,0.0
2021-10-31,0.0,0.0,0.08811751217161565,0.0,0.09985266204175859,0.0,0.0
2021-11-01,0.0,0.0,0.08811751217161565,0.0,0.09985266204175859,0.0,0.0
2021-11-02,0.0,0.0,0.08811751217161565,0.0,0.09985266204175859,0.0,0.0
2021-11-03,0.0,0.0,0.08811751217161565,0.0,0.09985266204175859,0.0667129909365559,0.0
2021-11-04,0.0,0.0,0.08811751217161565,0.0,0.09985266204175859,0.0667129909365559,0.0
2021-11-05,0.0,0.0,0.08811751217161565,0.0,0.09985266204175859,0.0667129909365559,0.0
2021-11-06,0.0,0.0,0.08811751217161565,0.0,0.09985266204175859,0.0667129909365559,0.0
2021-11-07,0.0,0.0,0.08811751217161565,0.0,0.09985266204175859,0.0667129909365559,0.0
2021-11-08,0.0,0.07303586321934949,0.08811751217161565,0.0,0.09985266204175859,0.0667129909365559,0.0
2021-11-09,0.0,0.07303586321934949,0.08811751217161565,0.11292449010683253,0.09985266204175859,0.0667129909365559,0.08613967869866233
2021-11-10,0.0,0.07303586321934949,0.08811751217161565,0.11292449010683253,0.09985266204175859,0.0667129909365559,0.08613967869866233
2021-11-11,0.0,0.07303586321934949,0.0,0.11292449010683253,0.09985266204175859,0.0,0.0
2021-11-12,0.0,0.07303586321934949,0.0,0.11292449010683253,0.09985266204175859,0.0,0.0
2021-11-13,0.0,0.07303586321934949,0.0,0.11292449010683253,0.09985266204175859,0.0,0.0
2021-11-14,0.0,0.07303586321934949,0.0,0.11292449010683253,0.09985266204175859,0.0,0.0
2021-11-15,0.0,0.07303586321934949,0.0,0.11292449010683253,0.09985266204175859,0.0,0.0
2021-11-16,0.0,0.07303586321934949,0.0,0.11292449010683253,0.09985266204175859,0.0,0.0
2021-11-17,0.0,0.07303586321934949,0.0,0.0,0.0,0.0,0.0
2021-11-18,0.0,0.07303586321934949,0.0,0.0,0.0,0.0,0.0
2021-11-19,0.0,0.07303586321934949,0.0,0.0,0.0,0.0,0.0
2021-11-20,0.0,0.07303586321934949,0.0,0.0,0.0,0.0,0.0
2021-11-21,0.0,0.07303586321934949,0.0,0.0,0.0,0.0,0.0
2021-11-22,0.0,0.07303586321934949,0.0,0.0,0.0,0.0,0.0
2021-11-23,0.0,0.07303586321934949,0.0,0.0,0.0,0.0,0.0
2021-11-24,0.0,0.07303586321934949,0.0,0.0,0.0,0.0,0.0
2021-11-25,0.0,0.07303586321934949,0.0,0.0,0.0,0.0,0.0
2021-11-26,0.0,0.07303586321934949,0.0,0.0,0.0,0.0,0.0
2021-11-27,0.0,0.0,0.0,0.0,0.0,0.0,0.0
2021-11-28,0.0,0.0,0.0,0.0,0.0,0.0,0.0
2021-11-29,0.0,0.0,0.0,0.0,0.0,0.0,0.0
2021-11-30,0.0,0.0,0.0,0.0,0.0,0.0,0.0
2021-12-01,0.0,0.0,0.0,0.0,0.0,0.0,0.0
2021-12-02,0.0,0.0,0.0,0.0,0.0,0.0,0.0
2021-12-03,0.0,0.0,0.0,0.0,0.0,0.0,0.0
2021-12-04,0.0,0.0,0.0,0.0,0.0,0.0,0.0
2021-12-05,0.0,0.0,0.0,0.0,0.0,0.0,0.0
2021-12-06,0.0,0.0,0.0,0.0,0.0,0.0,0.0
2021-12-07,0.0,0.0,0.0,0.0,0.0,0.0,0.0
2021-12-08,0.0,0.0,0.0,0.0,0.0,0.0,0.0
2021-12-09,0.0,0.0,0.0,0.0,0.0,0.0,0.0
2021-12-10,0.0,0.0,0.0,0.0,0.0,0.0,0.0
2021-12-11,0.0,0.0,0.0,0.0,0.0,0.0,0.0
2021-12-12,0.0,0.0,0.0,0.0,0.0,0.0,0.0
2021-12-13,0.0,0.0,0.0,0.0,0.0,0.0,0.0
2021-12-14,0.0,0.0,0.0,0.0,0.0,0.0,0.0
2021-12-15,0.0,0.0,0.0,0.0,0.0,0.0,0.0
2021-12-16,0.0,0.0,0.0,0.0,0.0,0.0,0.0
2021-12-17,0.0,0.0,0.0,0.0,0.0,0.0,0.0
2021-12-18,0.0,0.0,0.0,0.0,0.0,0.0,0.0
2021-12-19,0.0,0.0,0.0,0.0,0.0,0.0,0.0
2021-12-20,0.0,0.0,0.0,0.0,0.0,0.0,0.0
2021-12-21,0.0,0.0,0.0,0.0,0.0,0.0,0.0
2021-12-22,0.0,0.0,0.0,0.0,0.0,0.0,0.0
2021-12-23,0.0,0.0,0.0,0.0,0.0,0.0,0.0
2021-12-24,0.0,0.0,0.0,0.0,0.0,0.0,0.0
2021-12-25,0.0,0.0,0.0,0.0,0.0,0.0,0.0
2021-12-26,0.0,0.0,0.0,0.0,0.0,0.0,0.0
2021-12-27,0.0,0.0,0.0,0.0,0.0,0.0,0.0
2021-12-28,0.0,0.0,0.0,0.0,0.0,0.0,0.0
2021-12-29,0.0,0.0,0.0,0.0,0.0,0.0,0.0
2021-12-30,0.0,0.0,0.0,0.0,0.0,0.0,0.0
2021-12-31,0.0,0.0,0.0,0.0,0.0,0.0,0.0
2022-01-01,0.0,0.0,0.0,0.0,0.0,0.0,0.0
2022-01-02,0.0,0.0,0.0,0.0,0.0,0.0,0.0
2022-01-03,0.0,0.0,0.0,0.0,0.0,0.0,0.0
2022-01-04,0.0,0.0,0.0,0.0,0.0,0.0,0.0
2022-01-05,0.0,0.0,0.0,0.0,0.0,0.0,0.0
2022-01-06,0.0,0.0,0.0,0.0,0.0,0.0,0.0
2022-01-07,0.0,0.0,0.0,0.0,0.0,0.0,0.0
2022-01-08,0.0,0.0,0.0,0.0,0.0,0.0,0.0
2022-01-09,0.0,0.0,0.0,0.0,0.0,0.0,0.0
2022-01-10,0.0,0.0,0.0,0.0,0.0,0.0,0.0
2022-01-11,0.0,0.0,0.0,0.0,0.0,0.0,0.0
2022-01-12,0.0,0.0,0.0,0.0,0.0,0.0,0.0
2022-01-13,0.0,0.0,0.0,0.0,0.0,0.0,0.0
2022-01-14,0.0,0.0,0.0,0.0,0.0,0.0,0.0
2022-01-15,0.0,0.0,0.0,0.0,0.0,0.0,0.0
2022-01-16,0.0,0.0,0.0,0.0,0.0,0.0,0.0
2022-01-17,0.0,0.0,0.0,0.0,0.0,0.0,0.0
2022-01-18,0.0,0.0,0.0,0.0,0.0,0.0,0.0
2022-01-19,0.0,0.0,0.0,0.0,0.0,0.0,0.0
2022-01-20,0.0,0.0,0.0,0.0,0.0,0.0,0.0
2022-01-21,0.0,0.0,0.0,0.0,0.0,0.0,0.0
2022-01-22,0.0,0.0,0.0,0.0,0.0,0.0,0.0
2022-01-23,0.0,0.0,0.0,0.0,0.0,0.0,0.0
2022-01-24,0.0,0.0,0.0,0.0,0.0,0.0,0.0
2022-01-25,0.0,0.0,0.0,0.0,0.0,0.0,0.0
2022-01-26,0.0,0.0,0.0,0.0,0.0,0.0,0.0
2022-01-27,0.0,0.0,0.0,0.0,0.0,0.0,0.0
2022-01-28,0.0,0.0,0.0,0.0,0.0,0.0,0.0
2022-01-29,0.0,0.0,0.0,0.0,0.0,0.0,0.0
2022-01-30,0.0,0.0,0.0,0.0,0.0,0.0,0.0
2022-01-31,0.0,0.0,0.0,0.0,0.0,0.0,0.0
2022-02-01,0.0,0.0,0.0,0.0,0.0,0.0,0.0
2022-02-02,0.0,0.0,0.0,0.0,0.0,0.0,0.0
2022-02-03,0.0,0.0,0.0,0.0,0.0,0.0,0.0
2022-02-04,0.0,0.0,0.0,0.0,0.0,0.0,0.0
2022-02-05,0.0,0.0,0.0,0.0,0.0,0.0,0.0
2022-02-06,0.0,0.0,0.0,0.0,0.0,0.0,0.0
2022-02-07,0.0,0.0,0.0,0.0,0.0,0.0,0.0
2022-02-08,0.0,0.0,0.0,0.0,0.0,0.0,0.0
2022-02-09,0.0,0.0,0.0,0.0,0.0,0.0,0.0
2022-02-10,0.0,0.0,0.0,0.0,0.0,0.0,0.0
2022-02-11,0.0,0.0,0.0,0.0,0.0,0.0,0.0
2022-02-12,0.0,0.0,0.0,0.0,0.0,0.0,0.0
2022-02-13,0.0,0.0,0.0,0.0,0.0,0.0,0.0
2022-02-14,0.0,0.0,0.0,0.0,0.0,0.0,0.0
2022-02-15,0.0,0.0,0.0,0.0,0.0,0.0,0.0
2022-02-16,0.0,0.0,0.0,0.0,0.0,0.0,0.0
2022-02-17,0.0,0.0,0.0,0.0,0.0,0.0,0.0
2022-02-18,0.0,0.0,0.0,0.0,0.0,0.0,0.0
2022-02-19,0.0,0.0,0.0,0.0,0.0,0.0,0.0
2022-02-20,0.0,0.0,0.0,0.0,0.0,0.0,0.0
2022-02-21,0.0,0.0,0.0,0.0,0.0,0.0,0.0
2022-02-22,0.0,0.0,0.0,0.0,0.0,0.0,0.0
2022-02-23,0.0,0.0,0.0,0.0,0.0,0.0,0.0
2022-02-24,0.0,0.0,0.0,0.0,0.0,0.0,0.0
2022-02-25,0.0,0.0,0.0,0.0,0.0,0.0,0.0
2022-02-26,0.0,0.0,0.0,0.0,0.0,0.0,0.0
2022-02-27,0.0,0.0,0.0,0.0,0.0,0.0,0.0
2022-02-28,0.0,0.0,0.0,0.0,0.0,0.0,0.0
2022-03-01,0.0,0.0,0.0,0.0,0.0,0.0,0.0
2022-03-02,0.0,0.0,0.0,0.0,0.0,0.0,0.0
2022-03-03,0.0,0.0,0.0,0.0,0.0,0.0,0.0
2022-03-04,0.0,0.0,0.0,0.0,0.0,0.0,0.0
2022-03-05,0.0,0.0,0.0,0.0,0.0,0.0,0.0
2022-03-06,0.0,0.0,0.0,0.0,0.0,0.0,0.0
2022-03-07,0.0,0.0,0.0,0.0,0.0,0.0,0.0
2022-03-08,0.0,0.0,0.0,0.0,0.0,0.0,0.0
2022-03-09,0.0,0.0,0.0,0.0,0.0,0.0,0.0
2022-03-10,0.0,0.0,0.0,0.0,0.0,0.0,0.0
2022-03-11,0.0,0.0,0.0,0.0,0.0,0.0,0.0
2022-03-12,0.0,0.0,0.0,0.0,0.0,0.0,0.0
2022-03-13,0.0,0.0,0.0,0.0,0.0,0.0,0.0
2022-03-14,0.0,0.0,0.0,0.0,0.0,0.0,0.0
2022-03-15,0.0,0.0,0.0,0.0,0.0,0.0,0.0
2022-03-16,0.0,0.0,0.0,0.0,0.0,0.0,0.0
2022-03-17,0.0,0.0,0.0,0.0,0.0,0.0,0.0
2022-03-18,0.0,0.0,0.0,0.0,0.0,0.0,0.0
2022-03-19,0.0,0.0,0.0,0.0,0.0,0.0,0.0
2022-03-20,0.0,0.0,0.0,0.0,0.0,0.0,0.0
2022-03-21,0.0,0.0,0.0,0.0,0.0,0.0,0.0
2022-03-22,0.0,0.0,0.0,0.0,0.0,0.0,0.0
2022-03-23,0.0,0.0,0.0,0.0,0.0,0.0,0.0
2022-03-24,0.0,0.0,0.0,0.0,0.0,0.0,0.0
2022-03-25,0.0,0.0,0.0,0.0,0.0,0.0,0.0
2022-03-26,0.0,0.0,0.0,0.0,0.0,0.0,0.0
2022-03-27,0.0,0.0,0.0,0.0,0.0,0.0,0.0
2022-03-28,0.0,0.0,0.0,0.0,0.0,0.0,0.0
2022-03-29,0.0,0.0,0.0,0.0,0.0,0.0,0.0
2022-03-30,0.0,0.0,0.0,0.0,0.0,0.0,0.0
2022-03-31,0.0,0.0,0.0,0.0,0.0,0.0,0.0
2022-04-01,0.0,0.0,0.0,0.0,0.0,0.0,0.0
2022-04-02,0.0,0.0,0.0,0.0,0.0,0.0,0.0
2022-04-03,0.0,0.0,0.0,0.0,0.0,0.0,0.0
2022-04-04,0.0,0.0,0.0,0.0,0.0,0.0,0.0
2022-04-05,0.0,0.0,0.0,0.0,0.0,0.0,0.0
2022-04-06,0.0,0.0,0.0,0.0,0.0,0.0,0.0
2022-04-07,0.0,0.0,0.0,0.0,0.0,0.0,0.0
2022-04-08,0.0,0.0,0.0,0.0,0.0,0.0,0.0
2022-04-09,0.0,0.0,0.0,0.0,0.0,0.0,0.0
2022-04-10,0.0,0.0,0.0,0.0,0.0,0.0,0.0
2022-04-11,0.0,0.0,0.0,0.0,0.0,0.0,0.0
2022-04-12,0.0,0.0,0.0,0.0,0.0,0.0,0.0
2022-04-13,0.0,0.0,0.0,0.0,0.0,0.0,0.0
2022-04-14,0.0,0.0,0.0,0.0,0.0,0.0,0.0
2022-04-15,0.0,0.0,0.0,0.0,0.0,0.0,0.0
2022-04-16,0.0,0.0,0.0,0.0,0.0,0.0,0.0
2022-04-17,0.0,0.0,0.0,0.0,0.0,0.0,0.0
2022-04-18,0.0,0.0,0.0,0.0,0.0,0.0,0.0
2022-04-19,0.0,0.0,0.0,0.0,0.0,0.0,0.0
2022-04-20,0.0,0.0,0.0,0.0,0.0,0.0,0.0
2022-04-21,0.0,0.0,0.0,0.0,0.0,0.0,0.0
2022-04-22,0.0,0.0,0.0,0.0,0.0,0.0,0.0
2022-04-23,0.0,0.0,0.0,0.0,0.0,0.0,0.0
2022-04-24,0.0,0.0,0.0,0.0,0.0,0.0,0.0
2022-04-25,0.0,0.0,0.0,0.0,0.0,0.0,0.0
2022-04-26,0.0,0.0,0.0,0.0,0.0,0.0,0.0
2022-04-27,0.0,0.0,0.0,0.0,0.0,0.0,0.0
2022-04-28,0.0,0.0,0.0,0.0,0.0,0.0,0.0
2022-04-29,0.0,0.0,0.0,0.0,0.0,0.0,0.0
2022-04-30,0.0,0.0,0.0,0.0,0.0,0.0,0.0
2022-05-01,0.0,0.0,0.0,0.0,0.0,0.0,0.0
2022-05-02,0.0,0.0,0.0,0.0,0.0,0.0,0.0
2022-05-03,0.0,0.0,0.0,0.0,0.0,0.0,0.0
2022-05-04,0.0,0.0,0.0,0.0,0.0,0.0,0.0
2022-05-05,0.0,0.0,0.0,0.0,0.0,0.0,0.0
2022-05-06,0.0,0.0,0.0,0.0,0.0,0.0,0.0
2022-05-07,0.0,0.0,0.0,0.0,0.0,0.0,0.0
2022-05-08,0.0,0.0,0.0,0.0,0.0,0.0,0.0
2022-05-09,0.0,0.0,0.0,0.0,0.0,0.0,0.0
2022-05-10,0.0,0.0,0.0,0.0,0.0,0.0,0.0
2022-05-11,0.0,0.0,0.0,0.0,0.0,0.0,0.0
2022-05-12,0.0,0.0,0.0,0.0,0.0,0.0,0.0
2022-05-13,0.0,0.0,0.0,0.0,0.0,0.0,0.0
2022-05-14,0.0,0.0,0.0,0.0,0.0,0.0,0.0
2022-05-15,0.0,0.0,0.0,0.0,0.0,0.0,0.0
2022-05-16,0.0,0.0,0.0,0.0,0.0,0.0,0.0
2022-05-17,0.0,0.0,0.0,0.0,0.0,0.0,0.0
2022-05-18,0.0,0.0,0.0,0.0,0.0,0.0,0.0
2022-05-19,0.0,0.0,0.0,0.0,0.0,0.0,0.0
2022-05-20,0.0,0.0,0.0,0.0,0.0,0.0,0.0
2022-05-21,0.0,0.0,0.0,0.0,0.0,0.0,0.0
2022-05-22,0.0,0.0,0.0,0.0,0.0,0.0,0.0
2022-05-23,0.0,0.0,0.0,0.0,0.0,0.0,0.0
2022-05-24,0.0,0.0,0.0,0.0,0.0,0.0,0.0
2022-05-25,0.0,0.0,0.0,0.0,0.0,0.0,0.0
2022-05-26,0.0,0.0,0.0,0.0,0.0,0.0,0.0
2022-05-27,0.0,0.0,0.0,0.0,0.0,0.0,0.0
2022-05-28,0.0,0.0,0.0,0.0,0.0,0.0,0.0
2022-05-29,0.0,0.0,0.0,0.0,0.0,0.0,0.0
2022-05-30,0.0,0.0,0.0,0.0,0.0,0.0,0.0
2022-05-31,0.0,0.0,0.0,0.0,0.0,0.0,0.0
2022-06-01,0.0,0.0,0.0,0.0,0.0,0.0,0.0
2022-06-02,0.0,0.0,0.0,0.0,0.0,0.0,0.0
2022-06-03,0.0,0.0,0.0,0.0,0.0,0.0,0.0
2022-06-04,0.0,0.0,0.0,0.0,0.0,0.0,0.0
2022-06-05,0.0,0.0,0.0,0.0,0.0,0.0,0.0
2022-06-06,0.0,0.0,0.0,0.0,0.0,0.0,0.0
2022-06-07,0.0,0.0,0.0,0.0,0.0,0.0,0.0
2022-06-08,0.0,0.0,0.0,0.0,0.0,0.0,0.0
2022-06-09,0.0,0.0,0.0,0.0,0.0,0.0,0.0
2022-06-10,0.0,0.0,0.0,0.0,0.0,0.0,0.0
2022-06-11,0.0,0.0,0.0,0.0,0.0,0.0,0.0
2022-06-12,0.0,0.0,0.0,0.0,0.0,0.0,0.0
2022-06-13,0.0,0.0,0.0,0.0,0.0,0.0,0.0
2022-06-14,0.0,0.0,0.0,0.0,0.0,0.0,0.0
2022-06-15,0.0,0.0,0.0,0.0,0.0,0.0,0.0
2022-06-16,0.0,0.0,0.0,0.0,0.0,0.0,0.0
2022-06-17,0.0,0.0,0.0,0.0,0.0,0.0,0.0
2022-06-18,0.0,0.0,0.0,0.0,0.0,0.0,0.0
2022-06-19,0.0,0.0,0.0,0.0,0.0,0.0,0.0
2022-06-20,0.0,0.0,0.0,0.0,0.0,0.0,0.0
2022-06-21,0.0,0.0,0.0,0.0,0.0,0.0,0.0
2022-06-22,0.0,0.0,0.0,0.0,0.0,0.0,0.0
2022-06-23,0.0,0.0,0.0,0.0,0.0,0.0,0.0
2022-06-24,0.0,0.0,0.0,0.0,0.0,0.0,0.0
2022-06-25,0.0,0.0,0.0,0.0,0.0,0.0,0.0
2022-06-26,0.0,0.0,0.0,0.0,0.0,0.0,0.0
2022-06-27,0.0,0.0,0.0,0.0,0.0,0.0,0.0
2022-06-28,0.0,0.0,0.0,0.0,0.0,0.0,0.0
2022-06-29,0.0,0.0,0.0,0.0,0.0,0.0,0.0
2022-06-30,0.0,0.0,0.0,0.0,0.0,0.0,0.0
2022-07-01,0.0,0.0,0.0,0.0,0.0,0.0,0.0
2022-07-02,0.0,0.0,0.0,0.0,0.0,0.0,0.0
2022-07-03,0.0,0.0,0.0,0.0,0.0,0.0,0.0
2022-07-04,0.0,0.0,0.0,0.0,0.0,0.0,0.0
2022-07-05,0.0,0.0,0.0,0.0,0.0,0.0,0.0
2022-07-06,0.0,0.0,0.0,0.0,0.0,0.0,0.0
2022-07-07,0.0,0.0,0.0,0.0,0.0,0.0,0.0
2022-07-08,0.0,0.0,0.0,0.0,0.0,0.0,0.0
2022-07-09,0.0,0.0,0.0,0.0,0.0,0.0,0.0
2022-07-10,0.0,0.0,0.0,0.0,0.0,0.0,0.0
2022-07-11,0.0,0.0,0.0,0.0,0.0,0.0,0.0
2022-07-12,0.0,0.0,0.0,0.0,0.0,0.0,0.0
2022-07-13,0.0,0.0,0.0,0.0,0.0,0.0,0.0
2022-07-14,0.0,0.0,0.0,0.0,0.0,0.0,0.0
2022-07-15,0.0,0.0,0.0,0.0,0.0,0.0,0.0
2022-07-16,0.0,0.0,0.0,0.0,0.0,0.0,0.0
2022-07-17,0.0,0.0,0.0,0.0,0.0,0.0,0.0
2022-07-18,0.0,0.0,0.0,0.0,0.0,0.0,0.0
2022-07-19,0.0,0.0,0.0,0.0,0.0,0.0,0.0
2022-07-20,0.0,0.0,0.0,0.0,0.0,0.0,0.0
2022-07-21,0.0,0.0,0.0,0.0,0.0,0.0,0.0
2022-07-22,0.0,0.0,0.0,0.0,0.0,0.0,0.0
2022-07-23,0.0,0.0,0.0,0.0,0.0,0.0,0.0
2022-07-24,0.0,0.0,0.0,0.0,0.0,0.0,0.0
2022-07-25,0.0,0.0,0.0,0.0,0.0,0.0,0.0
2022-07-26,0.0,0.0,0.0,0.0,0.0,0.0,0.0
2022-07-27,0.0,0.0,0.0,0.0,0.0,0.0,0.0
2022-07-28,0.0,0.0,0.0,0.0,0.0,0.0,0.0
2022-07-29,0.0,0.0,0.0,0.0,0.0,0.0,0.0
2022-07-30,0.0,0.0,0.0,0.0,0.0,0.0,0.0
2022-07-31,0.0,0.0,0.0,0.0,0.0,0.0,0.0
2022-08-01,0.0,0.0,0.0,0.0,0.0,0.0,0.0
2022-08-02,0.0,0.0,0.0,0.0,0.0,0.0,0.0
2022-08-03,0.0,0.0,0.0,0.0,0.0,0.0,0.0
2022-08-04,0.0,0.0,0.0,0.0,0.0,0.0,0.0
2022-08-05,0.0,0.0,0.0,0.0,0.0,0.0,0.0
2022-08-06,0.0,0.0,0.0,0.0,0.0,0.0,0.0
2022-08-07,0.0,0.0,0.0,0.0,0.0,0.0,0.0
2022-08-08,0.0,0.0,0.0,0.0,0.0,0.0,0.0
2022-08-09,0.0,0.0,0.0,0.0,0.0,0.0,0.0
2022-08-10,0.0,0.0,0.0,0.0,0.0,0.0,0.0
2022-08-11,0.0,0.0,0.0,0.0,0.0,0.0,0.0
2022-08-12,0.0,0.0,0.0,0.0,0.0,0.0,0.0
2022-08-13,0.0,0.0,0.0,0.0,0.0,0.0,0.0
2022-08-14,0.0,0.0,0.0,0.0,0.0,0.0,0.0
2022-08-15,0.0,0.0,0.0,0.0,0.0,0.0,0.0
2022-08-16,0.0,0.0,0.0,0.0,0.0,0.0,0.0
2022-08-17,0.0,0.0,0.0,0.0,0.0,0.0,0.0
2022-08-18,0.0,0.0,0.0,0.0,0.0,0.0,0.0
2022-08-19,0.0,0.0,0.0,0.0,0.0,0.0,0.0
2022-08-20,0.0,0.0,0.0,0.0,0.0,0.0,0.0
2022-08-21,0.0,0.0,0.0,0.0,0.0,0.0,0.0
2022-08-22,0.0,0.0,0.0,0.0,0.0,0.0,0.0
2022-08-23,0.0,0.0,0.0,0.0,0.0,0.0,0.0
2022-08-24,0.0,0.0,0.0,0.0,0.0,0.0,0.0
2022-08-25,0.0,0.0,0.0,0.0,0.0,0.0,0.0
2022-08-26,0.0,0.0,0.0,0.0,0.0,0.0,0.0
2022-08-27,0.0,0.0,0.0,0.0,0.0,0.0,0.0
2022-08-28,0.0,0.0,0.0,0.0,0.0,0.0,0.0
2022-08-29,0.0,0.0,0.0,0.0,0.0,0.0,0.0
2022-08-30,0.0,0.0,0.0,0.0,0.0,0.0,0.0
2022-08-31,0.0,0.0,0.0,0.0,0.0,0.0,0.0
2022-09-01,0.0,0.0,0.0,0.0,0.0,0.0,0.0
2022-09-02,0.0,0.0,0.0,0.0,0.0,0.0,0.0
2022-09-03,0.0,0.0,0.0,0.0,0.0,0.0,0.0
2022-09-04,0.0,0.0,0.0,0.0,0.0,0.0,0.0
2022-09-05,0.0,0.0,0.0,0.0,0.0,0.0,0.0
2022-09-06,0.0,0.0,0.0,0.0,0.0,0.0,0.0
2022-09-07,0.0,0.0,0.0,0.0,0.0,0.0,0.0
2022-09-08,0.0,0.0,0.0,0.0,0.0,0.0,0.0
2022-09-09,0.0,0.0,0.0,0.0,0.0,0.0,0.0
2022-09-10,0.0,0.0,0.0,0.0,0.0,0.0,0.0
2022-09-11,0.0,0.0,0.0,0.0,0.0,0.0,0.0
2022-09-12,0.0,0.0,0.0,0.0,0.0,0.0,0.0
2022-09-13,0.0,0.0,0.0,0.0,0.0,0.0,0.0
2022-09-14,0.0,0.0,0.0,0.0,0.0,0.0,0.0
2022-09-15,0.0,0.0,0.0,0.0,0.0,0.0,0.0
2022-09-16,0.0,0.0,0.0,0.0,0.0,0.0,0.0
2022-09-17,0.0,0.0,0.0,0.0,0.0,0.0,0.0
2022-09-18,0.0,0.0,0.0,0.0,0.0,0.0,0.0
2022-09-19,0.0,0.0,0.0,0.0,0.0,0.0,0.0
2022-09-20,0.0,0.0,0.0,0.0,0.0,0.0,0.0
2022-09-21,0.0,0.0,0.0,0.0,0.0,0.0,0.0
2022-09-22,0.0,0.0,0.0,0.0,0.0,0.0,0.0
2022-09-23,0.0,0.0,0.0,0.0,0.0,0.0,0.08205907172995777
2022-09-24,0.0,0.0,0.0,0.0,0.0,0.0,0.08205907172995777
2022-09-25,0.0,0.0,0.0,0.0,0.0,0.0,0.08205907172995777
2022-09-26,0.0,0.0,0.0,0.0,0.0,0.0,0.08205907172995777
2022-09-27,0.0,0.0,0.0,0.0,0.0,0.0,0.08205907172995777
2022-09-28,0.0,0.0,0.0,0.0,0.0,0.0,0.0
2022-09-29,0.0,0.0,0.0,0.0,0.0,0.0,0.0
2022-09-30,0.0,0.0,0.0,0.0,0.0,0.0,0.0
2022-10-01,0.0,0.0,0.0,0.0,0.0,0.0,0.0
2022-10-02,0.0,0.0,0.0,0.0,0.0,0.0,0.0
2022-10-03,0.0,0.0,0.0,0.0,0.0,0.0,0.0
2022-10-04,0.0,0.0,0.0,0.0,0.0,0.0,0.0
2022-10-05,0.0,0.0,0.0,0.0,0.0,0.0,0.0
2022-10-06,0.0,0.0,0.0,0.0,0.0,0.0,0.0
2022-10-07,0.0,0.0,0.0,0.0,0.0,0.0,0.0
2022-10-08,0.0,0.0,0.0,0.0,0.0,0.0,0.0
2022-10-09,0.0,0.0,0.0,0.0,0.0,0.0,0.0
2022-10-10,0.0,0.0,0.0,0.0,0.0,0.0,0.0
2022-10-11,0.0,0.0,0.0,0.0,0.0,0.0,0.0
2022-10-12,0.0,0.0,0.0,0.0,0.0,0.0,0.0
2022-10-13,0.0,0.0,0.0,0.0,0.0,0.0,0.0
2022-10-14,0.0,0.0,0.0,0.0,0.0,0.0,0.0
2022-10-15,0.0,0.0,0.0,0.0,0.0,0.0,0.0
2022-10-16,0.0,0.0,0.0,0.0,0.0,0.0,0.0
2022-10-17,0.0,0.0,0.0,0.0,0.0,0.0,0.0
2022-10-18,0.0,0.0,0.0,0.0,0.0,0.0,0.0
2022-10-19,0.0,0.0,0.0,0.0,0.0,0.0,0.0
2022-10-20,0.0,0.0,0.0,0.0,0.0,0.0,0.0
2022-10-21,0.0,0.0,0.0,0.0,0.0,0.0,0.0
2022-10-22,0.0,0.0,0.0,0.0,0.0,0.0,0.0
2022-10-23,0.0,0.0,0.0,0.0,0.0,0.0,0.0
2022-10-24,0.0,0.0,0.0,0.0,0.0,0.0,0.0
2022-10-25,0.0,0.0,0.0,0.0,0.0,0.0,0.0
2022-10-26,0.0,0.0,0.0,0.0,0.0,0.0,0.0
2022-10-27,0.0,0.0,0.0,0.0,0.0,0.0,0.0
2022-10-28,0.0,0.0,0.0,0.0,0.0,0.0,0.0
2022-10-29,0.0,0.0,0.0,0.0,0.0,0.0,0.0
2022-10-30,0.0,0.0,0.18651960784313731,0.0,0.0,0.0,0.0
2022-10-31,0.0,0.0,0.18651960784313731,0.0,0.0,0.0,0.0
2022-11-01,0.0,0.0,0.18651960784313731,0.0,0.0,0.0,0.0
2022-11-02,0.0,0.0,0.18651960784313731,0.0,0.0,0.0,0.0
2022-11-03,0.0,0.0,0.18651960784313731,0.0,0.0,0.0,0.0
2022-11-04,0.0,0.0,0.18651960784313731,0.0,0.0,0.0,0.0
2022-11-05,0.0,0.0,0.0,0.0,0.0,0.0,0.0
2022-11-06,0.0,0.0,0.0,0.0,0.0,0.0,0.0
2022-11-07,0.0,0.0,0.0,0.0,0.0,0.0,0.0
2022-11-08,0.0,0.0,0.0,0.0,0.0,0.0,0.0
2022-11-09,0.0,0.0,0.0,0.0,0.0,0.0,0.0
2022-11-10,0.0,0.0,0.0,0.0,0.0,0.0,0.0
2022-11-11,0.0,0.0,0.0,0.0,0.0,0.0,0.0
2022-11-12,0.0,0.0,0.0,0.0,0.0,0.0,0.0
2022-11-13,0.0,0.0,0.0,0.0,0.0,0.0,0.0
2022-11-14,0.0,0.0,0.0,0.0,0.0,0.0,0.0
2022-11-15,0.0,0.0,0.0,0.0,0.0,0.0,0.0
2022-11-16,0.0,0.0,0.0,0.0,0.0,0.0,0.0
2022-11-17,0.0,0.0,0.0,0.0,0.0,0.0,0.0
2022-11-18,0.0,0.0,0.0,0.0,0.0,0.0,0.0
2022-11-19,0.0,0.0,0.0,0.0,0.0,0.0,0.0
2022-11-20,0.0,0.0,0.0,0.0,0.0,0.0,0.0
2022-11-21,0.0,0.0,0.0,0.0,0.0,0.0,0.0
2022-11-22,0.0,0.0,0.0,0.0,0.0,0.0,0.0
2022-11-23,0.0,0.0,0.0,0.0,0.0,0.0,0.0
2022-11-24,0.0,0.0,0.0,0.0,0.0,0.0,0.0
2022-11-25,0.0,0.0,0.0,0.0,0.0,0.0,0.0
2022-11-26,0.0,0.0,0.0,0.0,0.0,0.0,0.0
2022-11-27,0.0,0.0,0.0,0.0,0.0,0.0,0.0
2022-11-28,0.0,0.0,0.0,0.0,0.0,0.0,0.0
2022-11-29,0.0,0.0,0.0,0.0,0.0,0.0,0.0
2022-11-30,0.0,0.0,0.0,0.0,0.0,0.0,0.0
2022-12-01,0.0,0.0,0.0,0.0,0.0,0.0,0.0
2022-12-02,0.0,0.0,0.0,0.0,0.0,0.0,0.0
2022-12-03,0.0,0.0,0.0,0.0,0.0,0.0,0.0
2022-12-04,0.0,0.0,0.0,0.0,0.0,0.0,0.0
2022-12-05,0.0,0.0,0.0,0.0,0.0,0.0,0.0
2022-12-06,0.0,0.0,0.0,0.0,0.0,0.0,0.0
2022-12-07,0.0,0.0,0.0,0.0,0.0,0.0,0.0
2022-12-08,0.0,0.0,0.0,0.0,0.0,0.0,0.0
2022-12-09,0.0,0.0,0.0,0.0,0.0,0.0,0.0
2022-12-10,0.0,0.0,0.0,0.0,0.0,0.0,0.0
2022-12-11,0.0,0.0,0.0,0.0,0.0,0.0,0.0
2022-12-12,0.0,0.0,0.0,0.0,0.0,0.0,0.0
2022-12-13,0.0,0.0,0.0,0.0,0.0,0.0,0.0
2022-12-14,0.0,0.0,0.0,0.0,0.0,0.0,0.0
2022-12-15,0.0,0.0,0.0,0.0,0.0,0.0,0.0
2022-12-16,0.0,0.0,0.0,0.0,0.0,0.0,0.0
2022-12-17,0.0,0.0,0.0,0.0,0.0,0.0,0.0
2022-12-18,0.0,0.0,0.0,0.0,0.0,0.0,0.0
2022-12-19,0.0,0.0,0.0,0.0,0.0,0.0,0.0
2022-12-20,0.0,0.0,0.0,0.0,0.0,0.0,0.0
2022-12-21,0.0,0.0,0.0,0.0,0.0,0.0,0.0
2022-12-22,0.0,0.0,0.0,0.0,0.0,0.0,0.0
2022-12-23,0.0,0.0,0.0,0.0,0.0,0.0,0.0
2022-12-24,0.0,0.0,0.0,0.0,0.0,0.0,0.0
2022-12-25,0.0,0.0,0.0,0.0,0.0,0.0,0.0
2022-12-26,0.0,0.0,0.0,0.0,0.0,0.0,0.0
2022-12-27,0.0,0.0,0.0,0.0,0.0,0.0,0.0
2022-12-28,0.0,0.0,0.0,0.0,0.0,0.0,0.0
2022-12-29,0.0,0.0,0.0,0.0,0.0,0.0,0.0
2022-12-30,0.0,0.0,0.0,0.0,0.0,0.0,0.0
2022-12-31,0.0,0.0,0.0,0.0,0.0,0.0,0.0
