trade_date,open,high,low,close,volume
2023-01-03,32.74601745605469,33.355201721191406,32.55857467651367,33.336456298828125,24728045
2023-01-04,33.973758697509766,34.6485481262207,33.767574310302734,34.29240798950195,25680236
2023-01-05,34.582942962646484,34.81724548339844,33.93627166748047,34.657920837402344,28776563
2023-01-06,35.201499938964844,35.61387252807617,34.83599090576172,35.51077651977539,20038260
2023-01-09,35.60449981689453,35.61387252807617,35.070289611816406,35.1921272277832,24380843
2023-01-10,35.051544189453125,35.54826736450195,34.99531555175781,35.501407623291016,16812719
2023-01-11,35.670101165771484,35.70759201049805,35.07966232299805,35.56700897216797,14241249
2023-01-12,35.482662200927734,36.298030853271484,35.342079162597656,36.26054382324219,21741939
2023-01-13,36.26991653442383,36.6073112487793,36.054359436035156,36.4854736328125,15104132
2023-01-17,36.54170608520508,36.588565826416016,36.026241302490234,36.49484634399414,19584038
2023-01-18,36.42924118041992,36.68228530883789,35.773197174072266,35.87628936767578,19421107
2023-01-19,35.83879852294922,35.960636138916016,35.398311614990234,35.745079040527344,17082990
2023-01-20,35.83879852294922,36.97282028198242,35.58575439453125,36.89784240722656,24112173
2023-01-23,36.78538131713867,37.88191223144531,36.78538131713867,37.73196029663086,32383770
2023-01-24,37.66635513305664,37.900657653808594,37.16026306152344,37.25398254394531,25809983
2023-01-25,37.7788200378418,37.7788200378418,37.07591247558594,37.58200454711914,26188875
2023-01-26,36.597938537597656,38.18181610107422,36.56045150756836,37.87253952026367,23805944
2023-01-27,37.656982421875,37.85379409790039,37.04779815673828,37.1134033203125,22168739
2023-01-30,36.654170989990234,37.03842544555664,36.49484634399414,36.77600860595703,20288685
2023-01-31,36.78538131713867,36.944705963134766,36.62605285644531,36.87910079956055,27748295
2023-02-01,36.644798278808594,37.769447326660156,36.25117111206055,37.46017074584961,19008712
2023-02-02,37.34770584106445,38.56607437133789,37.23523712158203,38.52858352661133,22882562
2023-02-03,38.24742126464844,38.29428482055664,37.30084228515625,37.46017074584961,21771495
2023-02-06,37.06654357910156,37.29146957397461,36.79475021362305,37.029052734375,15210725
2023-02-07,36.860355377197266,37.38519287109375,36.569820404052734,37.17900848388672,19130243
2023-02-08,36.76663589477539,36.925960540771484,36.110591888427734,36.326148986816406,21008270
2023-02-09,36.850982666015625,36.944705963134766,35.492034912109375,35.52014923095703,21762639
2023-02-10,35.52014923095703,35.970008850097656,35.501407623291016,35.951263427734375,17178807
2023-02-13,35.773197174072266,36.79475021362305,35.773197174072266,36.63542556762695,19610073
2023-02-14,36.45735549926758,36.80412292480469,36.110591888427734,36.6073112487793,19213256
2023-02-15,36.73851776123047,37.03842544555664,36.288658142089844,36.944705963134766,17869796
2023-02-16,36.41049575805664,37.478912353515625,36.3636360168457,37.225868225097656,25511437
2023-02-17,37.216495513916016,37.30084228515625,36.5229606628418,36.663543701171875,14930318
2023-02-21,36.054359436035156,36.26991653442383,35.417057037353516,35.46391677856445,20022255
2023-02-22,35.33271026611328,35.8575439453125,35.220245361328125,35.62324142456055,17725111
2023-02-23,35.64198684692383,35.745079040527344,35.08903503417969,35.32333755493164,18885046
2023-02-24,34.68603515625,34.95782470703125,34.573570251464844,34.67666244506836,19375866
2023-02-27,34.91096496582031,35.210872650146484,34.789127349853516,35.00468444824219,18688078
2023-02-28,34.69540786743164,35.051544189453125,34.507965087890625,34.83599090576172,26114078
2023-03-01,34.5641975402832,34.75164031982422,34.05810546875,34.329898834228516,18438187
2023-03-02,34.11433792114258,34.70478057861328,34.10496520996094,34.62980270385742,14539262
2023-03-03,34.90159225463867,35.04217529296875,34.67666244506836,34.89221954345703,17900952
2023-03-06,35.25773239135742,35.26710510253906,34.69540786743164,34.75164031982422,13254381
2023-03-07,34.74226760864258,34.873477935791016,33.683223724365234,33.91752624511719,21414797
2023-03-08,34.16120147705078,34.1799430847168,33.37394714355469,33.64573669433594,18619150
2023-03-09,33.73945617675781,33.86129379272461,33.11152648925781,33.24273681640625,15230145
2023-03-10,33.02717971801758,33.345829010009766,32.792877197265625,33.0927848815918,21782272
2023-03-13,33.083412170410156,33.692596435546875,32.74601745605469,33.28022384643555,23668301
2023-03-14,33.72071075439453,33.74882888793945,32.73664474487305,33.064666748046875,29261515
2023-03-15,32.83036422729492,33.73008346557617,32.455482482910156,33.6363639831543,24189103
2023-03-16,33.18650436401367,34.029991149902344,33.18650436401367,33.964385986328125,23735522
2023-03-17,33.617618560791016,33.93627166748047,33.3926887512207,33.767574310302734,55189188
2023-03-20,33.91752624511719,34.245548248291016,33.889408111572266,34.1424560546875,17623106
2023-03-21,34.46110534667969,34.76101303100586,34.36738586425781,34.66728973388672,18201099
2023-03-22,34.7703857421875,34.92033767700195,33.898780822753906,33.92689895629883,17241866
2023-03-23,33.84254837036133,34.18931579589844,33.402061462402344,33.711341857910156,21684641
2023-03-24,33.45829391479492,33.86129379272461,33.064666748046875,33.66447830200195,21735857
2023-03-27,33.90815353393555,34.320526123046875,33.898780822753906,34.11433792114258,17428165
2023-03-28,34.12371063232422,34.47985076904297,34.06747817993164,34.16120147705078,12609913
2023-03-29,34.517337799072266,34.66728973388672,34.42361831665039,34.62980270385742,15556540
2023-03-30,35.04217529296875,35.051544189453125,34.6485481262207,34.81724548339844,15921987
2023-03-31,34.939083099365234,35.56700897216797,34.873477935791016,35.52952194213867,16920699
2023-04-03,35.61387252807617,35.94189453125,35.44517135620117,35.62324142456055,21018086
2023-04-04,35.56700897216797,35.65135955810547,35.10778045654297,35.398311614990234,21469107
2023-04-05,35.26710510253906,35.70759201049805,35.17338180541992,35.53889465332031,17616704
2023-04-06,35.65135955810547,35.688846588134766,35.1921272277832,35.32333755493164,21723160
2023-04-10,35.17338180541992,35.87628936767578,35.070289611816406,35.829429626464844,13265371
2023-04-11,35.92314910888672,36.26054382324219,35.87628936767578,35.970008850097656,15167192
2023-04-12,36.26991653442383,36.307403564453125,35.18275451660156,35.2764778137207,17293403
2023-04-13,35.51077651977539,35.89503479003906,35.37019729614258,35.66073226928711,16580326
2023-04-14,35.60449981689453,35.81068420410156,35.07966232299805,35.57638168334961,20997600
2023-04-17,35.60449981689453,35.83879852294922,35.55763626098633,35.698219299316406,15930844
2023-04-18,36.41049575805664,36.6073112487793,35.56700897216797,35.86691665649414,18405857
2023-04-19,35.64198684692383,36.016868591308594,35.59512710571289,35.84817123413086,14298867
2023-04-20,35.65135955810547,35.773197174072266,35.220245361328125,35.36082458496094,15308996
2023-04-21,35.426429748535156,35.473289489746094,35.145267486572266,35.37019729614258,14595920
2023-04-24,35.30459213256836,35.36082458496094,34.75164031982422,34.873477935791016,14260242
2023-04-25,34.6485481262207,34.798500061035156,34.44236373901367,34.582942962646484,19403822
2023-04-26,34.37675857543945,34.62980270385742,34.10496520996094,34.226802825927734,20857503
2023-04-27,35.33271026611328,37.88191223144531,35.23898696899414,37.741329193115234,33697354
2023-04-28,37.52577209472656,38.81911849975586,37.478912353515625,38.77225875854492,26468856
2023-05-01,39.36269760131836,39.36269760131836,38.922210693359375,39.025306701660156,18390279
2023-05-02,38.922210693359375,39.025306701660156,37.97563171386719,38.61293411254883,22383313
2023-05-03,38.76288604736328,38.922210693359375,38.24742126464844,38.3223991394043,20905624
2023-05-04,38.20993423461914,38.21930694580078,37.497657775878906,37.6944694519043,16157581
2023-05-05,38.022491455078125,38.0787239074707,37.34770584106445,37.89128494262695,20203965
2023-05-08,37.98500442504883,38.23805236816406,37.73196029663086,38.041236877441406,17447477
2023-05-09,37.87253952026367,37.956886291503906,37.08528518676758,37.132144927978516,24880626
2023-05-10,37.42267990112305,37.42267990112305,36.81349563598633,37.35707473754883,20490988
2023-05-11,37.29146957397461,37.97563171386719,37.282100677490234,37.835052490234375,20276628
2023-05-12,37.91002655029297,38.01312255859375,37.50703048706055,37.685096740722656,18316869
2023-05-15,37.844425201416016,37.96626281738281,37.553890228271484,37.67572784423828,14393617
2023-05-16,37.572635650634766,37.656982421875,37.04779815673828,37.24460983276367,13159311
2023-05-17,37.35707473754883,37.92877197265625,37.23523712158203,37.760074615478516,14027742
2023-05-18,37.32896041870117,38.76288604736328,37.31958770751953,38.716026306152344,20044022
2023-05-19,38.90346908569336,38.97844314575195,38.4067497253418,38.59418869018555,18916310
2023-05-22,38.88472366333008,39.04404830932617,38.584815979003906,38.650421142578125,14481644
2023-05-23,38.62230682373047,38.89409637451172,37.835052490234375,37.844425201416016,20907545
2023-05-24,37.96626281738281,38.031864166259766,37.37582015991211,37.469539642333984,22360906
2023-05-25,37.000938415527344,37.35707473754883,36.54170608520508,36.63542556762695,29973310
2023-05-26,36.80412292480469,37.17900848388672,36.63542556762695,37.000938415527344,38219727
2023-05-30,36.663543701171875,37.26335525512695,36.61668014526367,36.70103073120117,25942505
2023-05-31,36.74789047241211,36.9915657043457,36.41049575805664,36.87910079956055,57247964
2023-06-01,37.08528518676758,37.08528518676758,36.25117111206055,36.588565826416016,32494311
2023-06-02,36.12933349609375,37.06654357910156,36.06372833251953,36.729148864746094,26251614
2023-06-05,36.81349563598633,37.33833312988281,36.75726318359375,37.29146957397461,25653881
2023-06-06,37.42267990112305,37.497657775878906,36.80412292480469,36.98219299316406,15261194
2023-06-07,37.01968002319336,37.92877197265625,36.96344757080078,37.816307067871094,19692445
2023-06-08,37.7788200378418,37.96626281738281,37.478912353515625,37.92877197265625,11483694
2023-06-09,37.72258758544922,37.93814468383789,37.58200454711914,37.70384216308594,12955621
2023-06-12,37.66635513305664,38.23805236816406,37.58200454711914,38.13495635986328,17926240
2023-06-13,38.35051345825195,38.54732894897461,38.06935119628906,38.125587463378906,13414324
2023-06-14,38.1630744934082,38.63167953491211,38.05998229980469,38.27553939819336,19875543
2023-06-15,38.23805236816406,38.940956115722656,38.14432907104492,38.8659782409668,16736108
2023-06-16,39.025306701660156,39.04404830932617,38.51921463012695,38.61293411254883,36421298
2023-06-20,38.650421142578125,38.716026306152344,38.06935119628906,38.088096618652344,14793848
2023-06-21,38.05060958862305,38.369258880615234,37.78819274902344,38.06935119628906,14199849
2023-06-22,38.14432907104492,38.19118881225586,37.67572784423828,38.031864166259766,13875268
2023-06-23,37.78819274902344,37.96626281738281,37.43205261230469,37.572635650634766,20334459
2023-06-26,37.741329193115234,38.21930694580078,37.64760971069336,38.01312255859375,19510202
2023-06-27,37.835052490234375,38.97844314575195,37.835052490234375,38.87535095214844,15991983
2023-06-28,39.32521057128906,39.40018844604492,38.716026306152344,39.05342102050781,17284226
2023-06-29,38.78163146972656,39.10965347290039,38.7066535949707,38.8659782409668,11898864
2023-06-30,39.13776779174805,39.2502326965332,38.800376892089844,38.940956115722656,17361797
2023-07-03,38.4067497253418,39.194000244140625,38.3223991394043,39.13776779174805,8939646
2023-07-05,38.97844314575195,39.13776779174805,38.52858352661133,38.87535095214844,13846246
2023-07-06,38.51921463012695,38.8284912109375,38.303653717041016,38.62230682373047,13211167
2023-07-07,38.53795623779297,39.2502326965332,38.378631591796875,38.8284912109375,15309529
2023-07-10,39.11902618408203,39.70009231567383,39.11902618408203,39.22211837768555,20940622
2023-07-11,39.343955993652344,39.625118255615234,39.015933990478516,39.3720703125,16701218
2023-07-12,39.5782585144043,39.86878967285156,39.51265335083008,39.68135070800781,19035280
2023-07-13,40.0,40.05623245239258,39.568885803222656,39.887535095214844,18296489
2023-07-14,39.297096252441406,39.615745544433594,39.17525863647461,39.3720703125,13767714
2023-07-17,39.22211837768555,39.615745544433594,38.90346908569336,39.44704818725586,18576897
2023-07-18,39.353328704833984,40.103092193603516,39.3345832824707,39.77507019042969,19975734
2023-07-19,39.5782585144043,40.14057922363281,39.559513092041016,40.028114318847656,19894855
2023-07-20,40.20618438720703,40.69353485107422,40.093719482421875,40.49671936035156,19213256
2023-07-21,40.524837493896484,40.76850891113281,40.159324645996094,40.19681167602539,56112036
2023-07-24,40.40299987792969,40.76850891113281,40.31864929199219,40.57169723510742,16371728
2023-07-25,40.431114196777344,40.796627044677734,40.431114196777344,40.5810661315918,15134648
2023-07-26,40.57169723510742,40.656044006347656,39.95314025878906,40.21555709838867,18835111
2023-07-27,41.72446060180664,43.52389907836914,41.64948654174805,42.502342224121094,33702369
2023-07-28,42.98031997680664,43.28022384643555,42.155574798583984,42.38987731933594,22052969
2023-07-31,42.521087646484375,42.94282913208008,42.28678512573242,42.41799545288086,17010861
2023-08-01,42.60543441772461,42.65229415893555,42.258670806884766,42.4648551940918,16113301
2023-08-02,42.64292526245117,42.75539016723633,41.80881118774414,42.258670806884766,17766937
2023-08-03,42.26803970336914,42.70853042602539,42.08997344970703,42.33364486694336,13178730
2023-08-04,42.40862274169922,42.68978500366211,41.977508544921875,42.02436828613281,13555275
2023-08-07,42.3055305480957,42.73664474487305,42.258670806884766,42.596065521240234,13369190
2023-08-08,42.455482482910156,42.74601745605469,42.314903259277344,42.54920196533203,21221563
2023-08-09,42.54920196533203,42.774131774902344,42.33364486694336,42.43674087524414,16201541
2023-08-10,42.802249908447266,43.608245849609375,42.802249908447266,43.045921325683594,17231730
2023-08-11,42.811622619628906,43.327083587646484,42.70853042602539,43.139644622802734,14513868
2023-08-14,43.28959655761719,43.92689895629883,43.28959655761719,43.6363639831543,22244709
2023-08-15,43.402061462402344,44.320526123046875,43.336456298828125,44.07685089111328,21404340
2023-08-16,44.12371063232422,44.47985076904297,43.411434173583984,43.430179595947266,18508075
2023-08-17,43.701969146728516,43.93627166748047,43.336456298828125,43.336456298828125,13351905
2023-08-18,43.16775894165039,43.44892120361328,42.774131774902344,42.8865966796875,18780374
2023-08-21,42.68978500366211,43.16775894165039,42.67103958129883,42.98031997680664,13157924
2023-08-22,43.01780700683594,43.20524978637695,42.66166687011719,42.70853042602539,12764734
2023-08-23,42.96157455444336,43.055294036865234,42.48360061645508,42.60543441772461,19614448
2023-08-24,42.502342224121094,42.877227783203125,42.343017578125,42.39925003051758,16335983
2023-08-25,42.4648551940918,42.75539016723633,42.32427215576172,42.61480712890625,13925737
2023-08-28,42.69915771484375,43.16775894165039,42.69915771484375,43.0927848815918,11531816
2023-08-29,43.139644622802734,43.93627166748047,43.0927848815918,43.84254837036133,15149693
2023-08-30,43.983131408691406,44.226802825927734,43.74882888793945,44.16120147705078,14907697
2023-08-31,44.16120147705078,44.329898834228516,43.767574310302734,43.82380676269531,21271605
2023-09-01,43.73945617675781,43.767574310302734,42.502342224121094,42.858482360839844,20130769
2023-09-05,42.68978500366211,42.83036422729492,41.6776008605957,41.76194763183594,23164357
2023-09-06,41.686973571777344,42.73664474487305,41.47141647338867,42.10871505737305,29705067
2023-09-07,42.06185531616211,42.83036422729492,42.02436828613281,42.02436828613281,22205230
2023-09-08,42.155574798583984,42.35239028930664,41.94939041137695,42.20243835449219,21189553
2023-09-11,42.249298095703125,42.83973693847656,42.10871505737305,42.41799545288086,21172588
2023-09-12,42.28678512573242,42.62417984008789,42.05248260498047,42.35239028930664,22415109
2023-09-13,42.258670806884766,42.36176300048828,41.77132034301758,42.35239028930664,18048092
2023-09-14,42.73664474487305,43.149017333984375,42.65229415893555,43.083412170410156,20977433
2023-09-15,43.045921325683594,43.25210952758789,42.35239028930664,42.49296951293945,48481706
2023-09-18,42.60543441772461,43.130271911621094,42.56794738769531,42.774131774902344,13713938
2023-09-19,42.70853042602539,42.95220184326172,42.61480712890625,42.858482360839844,16928489
2023-09-20,42.91471481323242,43.149017333984375,42.61480712890625,42.64292526245117,16676997
2023-09-21,42.802249908447266,43.11152648925781,42.75539016723633,42.83036422729492,17364358
2023-09-22,42.69915771484375,42.96157455444336,42.41799545288086,42.455482482910156,13294393
2023-09-25,42.37113571166992,42.502342224121094,41.9212760925293,42.05248260498047,12666677
2023-09-26,41.22774124145508,41.911903381347656,41.10590362548828,41.46204376220703,19629919
2023-09-27,41.58388137817383,42.01499557495117,41.47141647338867,41.7994384765625,17452919
2023-09-28,41.883785247802734,42.39925003051758,41.8369255065918,42.043113708496094,13980368
2023-09-29,42.07122802734375,42.258670806884766,41.22774124145508,41.555763244628906,16151179
2023-10-02,41.47141647338867,41.911903381347656,41.32146072387695,41.696346282958984,18453978
2023-10-03,41.11527633666992,41.358951568603516,40.59043884277344,40.721649169921875,18118194
2023-10-04,40.6654167175293,40.84348678588867,40.449859619140625,40.740394592285156,22129580
2023-10-05,40.721649169921875,40.86223220825195,40.187442779541016,40.31864929199219,18792324
2023-10-06,40.028114318847656,40.87160110473633,39.72821044921875,40.740394592285156,25039289
2023-10-09,40.731021881103516,41.46204376220703,40.63730239868164,41.32146072387695,16788818
2023-10-10,41.46204376220703,41.85567092895508,41.068416595458984,41.6776008605957,16600813
2023-10-11,41.8369255065918,42.10871505737305,41.32146072387695,41.46204376220703,17968600
2023-10-12,41.555763244628906,41.66822814941406,41.0496711730957,41.143394470214844,17879826
2023-10-13,41.143394470214844,41.30271911621094,40.77788162231445,41.059043884277344,17668560
2023-10-16,41.283973693847656,41.546390533447266,41.02155685424805,41.47141647338867,18208889
2023-10-17,41.44329833984375,41.893157958984375,41.330833435058594,41.57450866699219,16801195
2023-10-18,41.49953079223633,41.72446060180664,41.143394470214844,41.255859375,14281582
2023-10-19,41.415184020996094,41.555763244628906,40.29053497314453,40.36551284790039,19108796
2023-10-20,40.168697357177734,40.61855697631836,39.66260528564453,40.168697357177734,23962366
2023-10-23,40.4217414855957,40.5810661315918,40.04685974121094,40.243675231933594,15438850
2023-10-24,40.63730239868164,40.85285949707031,40.47797775268555,40.731021881103516,20848967
2023-10-25,40.60918426513672,40.86223220825195,40.0374870300293,40.06560516357422,24906874
2023-10-26,37.5351448059082,37.91939926147461,36.62605285644531,36.69165802001953,53355762
2023-10-27,35.61387252807617,37.87253952026367,35.53889465332031,37.1508903503418,38357583
2023-10-30,37.45079803466797,38.06935119628906,37.43205261230469,37.91002655029297,19421854
2023-10-31,38.14432907104492,38.744140625,38.116214752197266,38.69728088378906,20124687
2023-11-01,38.77225875854492,39.4939079284668,38.744140625,39.194000244140625,20812048
2023-11-02,39.23149108886719,39.906280517578125,39.23149108886719,39.831302642822266,17877905
2023-11-03,40.168697357177734,40.69353485107422,40.13121032714844,40.468605041503906,20278869
2023-11-06,40.431114196777344,40.5435791015625,39.550140380859375,39.79381561279297,19932520
2023-11-07,39.78444290161133,39.79381561279297,39.3345832824707,39.40018844604492,21096084
2023-11-08,39.23149108886719,39.40018844604492,38.69728088378906,38.912841796875,20154776
2023-11-09,39.04404830932617,39.14714050292969,38.20993423461914,38.313026428222656,27728022
2023-11-10,38.50046920776367,39.32521057128906,38.47235107421875,39.278350830078125,21422586
2023-11-13,39.06279373168945,39.203372955322266,38.68790817260742,38.88472366333008,15164738
2023-11-14,39.64385986328125,39.831302642822266,39.14714050292969,39.24086380004883,24027133
2023-11-15,39.2502326965332,39.971885681152344,39.2502326965332,39.85942077636719,18268641
2023-11-16,40.093719482421875,40.36551284790039,39.24086380004883,39.74695587158203,19598443
2023-11-17,39.98125457763672,40.27178955078125,39.67197799682617,39.756324768066406,14282862
2023-11-20,39.625118255615234,40.431114196777344,39.52202224731445,40.243675231933594,15421671
2023-11-21,40.29990768432617,40.33739471435547,39.68135070800781,39.92502212524414,12507161
2023-11-22,40.0374870300293,40.23430252075195,39.73758316040039,39.812557220458984,13716392
2023-11-24,39.8781623840332,40.04685974121094,39.73758316040039,39.906280517578125,6252620
2023-11-27,39.70946502685547,39.840675354003906,39.18463134765625,39.44704818725586,20604304
2023-11-28,39.36269760131836,39.4564208984375,39.16588592529297,39.24086380004883,15484624
2023-11-29,39.3345832824707,39.42830276489258,38.80974578857422,39.015933990478516,14164532
2023-11-30,39.15651321411133,39.30646514892578,38.83786392211914,39.259605407714844,25225374
2023-12-01,39.59700012207031,39.85004806518555,39.18463134765625,39.559513092041016,18111151
2023-12-04,39.59700012207031,40.69353485107422,39.52202224731445,40.374881744384766,24282146
2023-12-05,40.23430252075195,40.29990768432617,38.13495635986328,38.997188568115234,30967648
2023-12-06,39.14714050292969,39.42830276489258,38.69728088378906,39.072166442871094,17733220
2023-12-07,39.353328704833984,40.00937271118164,39.15651321411133,39.52202224731445,20830294
2023-12-08,39.08153533935547,39.58762741088867,39.04404830932617,39.4564208984375,21464946
2023-12-11,40.05623245239258,40.30927658081055,39.4939079284668,39.98125457763672,21289318
2023-12-12,40.33739471435547,40.431114196777344,39.51265335083008,39.99062728881836,18708245
2023-12-13,40.04685974121094,40.974693298339844,39.58762741088867,40.927833557128906,19904778
2023-12-14,41.2933464050293,42.174320220947266,41.1715087890625,41.8369255065918,31791052
2023-12-15,41.80881118774414,42.00562286376953,41.19025421142578,41.686973571777344,64390036
2023-12-18,41.76194763183594,42.06185531616211,41.53702163696289,41.893157958984375,19095032
2023-12-19,41.977508544921875,42.08997344970703,41.70571517944336,41.893157958984375,17517579
2023-12-20,41.81818389892578,42.099342346191406,41.424556732177734,41.424556732177734,17371934
2023-12-21,41.44329833984375,41.621368408203125,40.656044006347656,41.255859375,19290827
2023-12-22,41.358951568603516,41.81818389892578,41.059043884277344,41.23711395263672,12690791
2023-12-26,41.23711395263672,41.30271911621094,40.76850891113281,41.1715087890625,10269128
2023-12-27,41.143394470214844,41.39643859863281,40.96532440185547,41.22774124145508,9873805
2023-12-28,41.2089958190918,41.621368408203125,41.1340217590332,41.349578857421875,9627968
2023-12-29,41.32146072387695,41.36832046508789,40.82474136352539,41.09653091430664,14613205
2024-01-02,40.82474136352539,41.274600982666016,40.5435791015625,40.927833557128906,17620972
2024-01-03,40.93720626831055,41.12464904785156,40.5060920715332,40.59043884277344,16477361
2024-01-04,40.55295181274414,40.6279296875,39.821929931640625,39.95314025878906,20908505
2024-01-05,40.093719482421875,40.59043884277344,40.04685974121094,40.33739471435547,13495950
2024-01-08,40.33739471435547,41.068416595458984,40.23430252075195,40.984066009521484,17204735
2024-01-09,40.48734664916992,40.702903747558594,40.112464904785156,40.56232452392578,15836521
2024-01-10,40.5810661315918,40.82474136352539,40.28116226196289,40.7497673034668,13003529
2024-01-11,40.84348678588867,40.93720626831055,40.14057922363281,40.55295181274414,13557729
2024-01-12,40.69353485107422,40.69353485107422,40.168697357177734,40.29053497314453,13596141
2024-01-16,40.26241683959961,40.515464782714844,40.05623245239258,40.384254455566406,18334474
2024-01-17,40.13121032714844,40.35614013671875,39.4939079284668,39.69072341918945,19813016
2024-01-18,39.46579360961914,39.95314025878906,39.43767547607422,39.86878967285156,21123719
2024-01-19,39.9156494140625,40.63730239868164,39.85004806518555,40.6279296875,25187815
2024-01-22,40.77788162231445,41.1715087890625,40.702903747558594,40.88097381591797,19294241
2024-01-23,40.993438720703125,41.38706588745117,40.702903747558594,41.19025421142578,16764811
2024-01-24,41.49953079223633,41.546390533447266,40.76850891113281,41.0496711730957,20749736
2024-01-25,40.95595169067383,43.430179595947266,40.83411407470703,42.427364349365234,31713481
2024-01-26,42.57732009887695,43.411434173583984,42.48360061645508,43.355201721191406,21432189
2024-01-29,43.18650436401367,43.58950424194336,42.93345642089844,43.21461868286133,20554261
2024-01-30,43.48640823364258,43.898780822753906,43.12089920043945,43.72071075439453,16726079
2024-01-31,43.711341857910156,44.15182876586914,43.46766662597656,43.617618560791016,19824433
2024-02-01,43.80506134033203,44.15182876586914,43.28022384643555,43.79568862915039,19828274
2024-02-02,42.48360061645508,42.94282913208008,42.05248260498047,42.258670806884766,26924785
2024-02-05,42.12746047973633,42.530460357666016,41.968135833740234,42.05248260498047,16568803
2024-02-06,42.11808776855469,42.11808776855469,41.36832046508789,41.630741119384766,19902644
2024-02-07,41.827552795410156,41.977508544921875,40.14995193481445,40.168697357177734,33314408
2024-02-08,40.31864929199219,40.35614013671875,38.48172378540039,38.659793853759766,47886533
2024-02-09,38.8659782409668,39.625118255615234,38.641048431396484,39.42830276489258,29201763
2024-02-12,39.30646514892578,40.29053497314453,39.297096252441406,39.93439483642578,23118476
2024-02-13,39.812557220458984,39.8781623840332,38.90346908569336,39.22211837768555,26194317
2024-02-14,39.40018844604492,39.484535217285156,39.06279373168945,39.38144302368164,26281064
2024-02-15,39.16588592529297,39.52202224731445,39.05342102050781,39.17525863647461,22290697
2024-02-16,39.09090805053711,39.12839889526367,38.575443267822266,38.650421142578125,24091580
2024-02-20,38.56607437133789,39.10965347290039,38.18181610107422,39.04404830932617,22252178
2024-02-21,39.287723541259766,39.31583786010742,38.88472366333008,39.22211837768555,22036111
2024-02-22,39.259605407714844,39.353328704833984,38.800376892089844,39.278350830078125,20587765
2024-02-23,39.23149108886719,39.66260528564453,39.05342102050781,39.268978118896484,15654597
2024-02-26,39.287723541259766,39.896907806396484,39.14714050292969,39.540767669677734,22527678
2024-02-27,39.568885803222656,39.65323257446289,39.268978118896484,39.615745544433594,14024541
2024-02-28,39.58762741088867,39.95314025878906,39.475162506103516,39.50328063964844,14079705
2024-02-29,39.85942077636719,40.25304412841797,39.77507019042969,40.159324645996094,30629836
2024-03-01,39.98125457763672,40.36551284790039,39.52202224731445,40.112464904785156,16022179
2024-03-04,40.04685974121094,40.187442779541016,38.97844314575195,39.22211837768555,21399325
2024-03-05,39.278350830078125,39.896907806396484,39.10028076171875,39.4189338684082,28526032
2024-03-06,39.46579360961914,39.74695587158203,39.05342102050781,39.50328063964844,17705371
2024-03-07,39.64385986328125,39.70946502685547,38.90346908569336,39.11902618408203,18899131
2024-03-08,39.11902618408203,39.95314025878906,38.987815856933594,39.906280517578125,19213789
2024-03-11,40.04685974121094,40.93720626831055,39.9625129699707,40.805999755859375,27018681
2024-03-12,40.90909194946289,40.90909194946289,40.112464904785156,40.47797775268555,20077846
2024-03-13,40.68416213989258,40.93720626831055,40.48734664916992,40.56232452392578,15441624
2024-03-14,40.39362716674805,40.440486907958984,39.3720703125,40.13121032714844,26745209
2024-03-15,40.14995193481445,40.59043884277344,40.00937271118164,40.0843505859375,48338941
2024-03-18,40.34676742553711,40.75913619995117,40.243675231933594,40.41237258911133,23076863
2024-03-19,40.243675231933594,40.53420639038086,39.95314025878906,40.29053497314453,24630308
2024-03-20,40.20618438720703,40.5060920715332,40.00937271118164,40.39362716674805,29404173
2024-03-21,40.29990768432617,40.30927658081055,39.78444290161133,40.19681167602539,20008597
2024-03-22,40.384254455566406,40.4217414855957,39.80318832397461,40.05623245239258,16045439
2024-03-25,40.178070068359375,40.187442779541016,39.64385986328125,39.9625129699707,19047230
2024-03-26,39.98125457763672,39.98125457763672,39.4939079284668,39.812557220458984,20592353
2024-03-27,40.05623245239258,40.384254455566406,40.00937271118164,40.36551284790039,15051742
2024-03-28,40.47797775268555,40.85285949707031,40.41237258911133,40.6279296875,22574732
2024-04-01,40.32802200317383,40.34676742553711,39.22211837768555,39.625118255615234,19529941
2024-04-02,39.531394958496094,39.98125457763672,38.997188568115234,39.18463134765625,17927201
2024-04-03,39.11902618408203,39.31583786010742,38.80974578857422,38.922210693359375,20079553
2024-04-04,39.18463134765625,39.3720703125,38.378631591796875,38.52858352661133,26096793
2024-04-05,38.303653717041016,38.60356140136719,38.088096618652344,38.33177185058594,24362811
2024-04-08,38.19118881225586,38.43486404418945,38.031864166259766,38.15370178222656,29999665
2024-04-09,37.750701904296875,38.21930694580078,37.44142532348633,37.62886428833008,34832535
2024-04-10,37.62886428833008,37.62886428833008,36.9072151184082,37.225868225097656,23867083
2024-04-11,37.5351448059082,37.73196029663086,37.1508903503418,37.6194953918457,26205840
2024-04-12,37.36644744873047,37.44142532348633,36.76663589477539,36.89784240722656,24992981
2024-04-15,37.25398254394531,37.413307189941406,36.654170989990234,36.954078674316406,22720271
2024-04-16,36.925960540771484,37.1134033203125,36.56045150756836,36.663543701171875,20195322
2024-04-17,36.84161376953125,36.944705963134766,36.43861389160156,36.54170608520508,21820257
2024-04-18,36.87910079956055,37.197750091552734,36.672916412353516,37.132144927978516,16735575
2024-04-19,37.216495513916016,37.769447326660156,37.08528518676758,37.71321487426758,25850743
2024-04-22,37.93814468383789,38.14432907104492,37.45079803466797,38.022491455078125,26295895
2024-04-23,37.91002655029297,38.53795623779297,37.7788200378418,37.825679779052734,16351668
2024-04-24,37.45079803466797,37.80693435668945,37.31958770751953,37.685096740722656,20893140
2024-04-25,36.22305679321289,36.77600860595703,34.854732513427734,35.492034912109375,40370372
2024-04-26,34.7703857421875,36.288658142089844,34.1424560546875,36.14807891845703,31778674
2024-04-29,36.14807891845703,36.504215240478516,36.044986724853516,36.41049575805664,15933511
2024-04-30,36.19493865966797,36.307403564453125,35.46391677856445,35.71696472167969,21560549
2024-05-01,35.66073226928711,36.26991653442383,35.63261413574219,35.80131149291992,21059379
2024-05-02,36.119964599609375,36.316776275634766,35.679473876953125,35.951263427734375,18104536
2024-05-03,36.035614013671875,36.401126861572266,35.970008850097656,36.26054382324219,23771373
2024-05-06,36.34489059448242,36.6073112487793,36.00749969482422,36.07310104370117,34321549
2024-05-07,36.21368408203125,36.288658142089844,35.960636138916016,36.07310104370117,32621818
2024-05-08,36.044986724853516,37.30084228515625,35.951263427734375,36.597938537597656,23894718
2024-05-09,36.56045150756836,36.654170989990234,35.98875427246094,36.119964599609375,25173944
2024-05-10,35.960636138916016,36.97282028198242,35.92314910888672,36.84161376953125,16247636
2024-05-13,37.08528518676758,37.24460983276367,36.850982666015625,37.207122802734375,19638562
2024-05-14,37.497657775878906,37.544517517089844,37.10403060913086,37.207122802734375,17175179
2024-05-15,37.37582015991211,37.44142532348633,36.56045150756836,36.78538131713867,20089583
2024-05-16,36.70103073120117,36.954078674316406,36.4479866027832,36.89784240722656,16713275
2024-05-17,36.81349563598633,36.916587829589844,36.46672821044922,36.80412292480469,14653538
2024-05-20,36.71040344238281,36.84161376953125,36.241798400878906,36.74789047241211,13373138
2024-05-21,36.55107879638672,37.141517639160156,36.51359176635742,36.74789047241211,14374624
2024-05-22,36.729148864746094,36.729148864746094,36.232425689697266,36.4479866027832,18944798
2024-05-23,36.382381439208984,36.68228530883789,36.08247375488281,36.25117111206055,17159281
2024-05-24,36.307403564453125,36.382381439208984,35.84817123413086,36.119964599609375,15338872
2024-05-28,35.829429626464844,36.373008728027344,35.763824462890625,36.119964599609375,18071992
2024-05-29,35.8575439453125,36.016868591308594,35.473289489746094,35.55763626098633,30445245
2024-05-30,35.670101165771484,36.46672821044922,35.53889465332031,36.42924118041992,19478298
2024-05-31,36.044986724853516,37.572635650634766,35.7357063293457,37.51639938354492,28850933
2024-06-03,37.488285064697266,37.553890228271484,36.81349563598633,37.09465789794922,16700044
2024-06-04,36.944705963134766,37.282100677490234,36.73851776123047,37.07591247558594,15557820
2024-06-05,37.1134033203125,37.1134033203125,36.6073112487793,36.68228530883789,13482079
2024-06-06,36.71040344238281,37.413307189941406,36.56045150756836,36.61668014526367,21698832
2024-06-07,36.6073112487793,36.87910079956055,36.46672821044922,36.51359176635742,17124603
2024-06-10,36.46672821044922,36.53233337402344,36.101219177246094,36.35426330566406,14060179
2024-06-11,35.754451751708984,36.17619323730469,35.57638168334961,35.91377639770508,17584160
2024-06-12,36.110591888427734,36.21368408203125,35.126522064208984,35.45454406738281,20169181
2024-06-13,35.145267486572266,35.46391677856445,34.96719741821289,35.220245361328125,19755292
2024-06-14,35.02342987060547,35.31396484375,34.92033767700195,35.08903503417969,13542898
2024-06-17,35.04217529296875,35.117149353027344,34.601688385009766,34.96719741821289,33189569
2024-06-18,34.99531555175781,35.417057037353516,34.44236373901367,34.582942962646484,23948708
2024-06-20,34.47047805786133,35.59512710571289,34.40487289428711,35.473289489746094,22623921
2024-06-21,35.8200569152832,36.27928924560547,35.58575439453125,36.06372833251953,52256112
2024-06-24,35.88566207885742,36.3636360168457,35.670101165771484,36.06372833251953,20736398
2024-06-25,36.232425689697266,36.232425689697266,35.55763626098633,35.98875427246094,19688818
2024-06-26,35.88566207885742,36.026241302490234,35.25773239135742,35.8200569152832,25139160
2024-06-27,35.87628936767578,35.9793815612793,35.57638168334961,35.87628936767578,13949104
2024-06-28,36.119964599609375,36.78538131713867,36.08247375488281,36.70103073120117,40854256
2024-07-01,36.45735549926758,36.62605285644531,35.745079040527344,35.773197174072266,18038382
2024-07-02,35.951263427734375,35.951263427734375,35.398311614990234,35.763824462890625,16760223
2024-07-03,35.37957000732422,35.90440368652344,35.342079162597656,35.66073226928711,8171086
2024-07-05,35.57638168334961,35.60449981689453,35.31396484375,35.482662200927734,12987737
2024-07-08,35.417057037353516,35.60449981689453,34.873477935791016,34.98594284057617,18798086
2024-07-09,34.929710388183594,35.30459213256836,34.81724548339844,35.154640197753906,19947885
2024-07-10,35.220245361328125,35.30459213256836,34.8078727722168,35.07966232299805,20513502
2024-07-11,35.2296142578125,35.79193878173828,35.201499938964844,35.37957000732422,19878210
2024-07-12,35.60449981689453,35.93252182006836,35.52952194213867,35.88566207885742,17870756
2024-07-15,35.84817123413086,36.96344757080078,35.80131149291992,36.49484634399414,20292526
2024-07-16,36.49484634399414,37.17900848388672,36.41986846923828,37.122772216796875,19783460
2024-07-17,37.188377380371094,38.18181610107422,37.17900848388672,38.041236877441406,33812910
2024-07-18,37.70384216308594,38.61293411254883,37.61012268066406,37.6194953918457,18947679
2024-07-19,37.656982421875,37.760074615478516,37.36644744873047,37.56325912475586,20598648
2024-07-22,37.59137725830078,37.66635513305664,36.34489059448242,37.04779815673828,24768698
2024-07-23,36.935333251953125,37.08528518676758,34.6485481262207,36.09184646606445,32839593
2024-07-24,36.288658142089844,36.41049575805664,35.03280258178711,35.698219299316406,25018909
2024-07-25,36.119964599609375,36.89784240722656,35.829429626464844,35.83879852294922,19617115
2024-07-26,36.14807891845703,37.59137725830078,36.119964599609375,37.197750091552734,26209681
2024-07-29,37.23523712158203,38.21930694580078,37.141517639160156,38.125587463378906,23469625
2024-07-30,38.20993423461914,38.47235107421875,37.844425201416016,38.24742126464844,26916249
2024-07-31,38.2005615234375,39.015933990478516,38.125587463378906,38.67853927612305,26539704
2024-08-01,38.659793853759766,38.81911849975586,37.685096740722656,37.73196029663086,23257399
2024-08-02,38.303653717041016,38.55670166015625,37.33833312988281,37.39456558227539,27690464
2024-08-05,37.656982421875,37.97563171386719,36.18556594848633,36.71977615356445,22823984
2024-08-06,36.45735549926758,36.97282028198242,36.298030853271484,36.47610092163086,16916005
2024-08-07,36.729148864746094,37.1134033203125,36.054359436035156,36.09184646606445,17866061
2024-08-08,36.044986724853516,36.96344757080078,36.026241302490234,36.87910079956055,14583863
2024-08-09,36.61668014526367,36.89784240722656,36.26991653442383,36.62605285644531,14937467
2024-08-12,36.55107879638672,36.644798278808594,36.054359436035156,36.110591888427734,13027430
2024-08-13,36.45735549926758,36.79475021362305,36.25117111206055,36.663543701171875,14962114
2024-08-14,36.34489059448242,36.663543701171875,36.33552169799805,36.56045150756836,19143687
2024-08-15,36.81349563598633,37.05717086791992,36.47610092163086,37.03842544555664,18449497
2024-08-16,37.1508903503418,37.32896041870117,37.01968002319336,37.132144927978516,15119603
2024-08-19,36.9915657043457,37.7788200378418,36.9915657043457,37.73196029663086,14170507
2024-08-20,37.5351448059082,37.750701904296875,37.46017074584961,37.51639938354492,14460731
2024-08-21,37.70384216308594,37.769447326660156,37.30084228515625,37.43205261230469,13602223
2024-08-22,37.58200454711914,37.58200454711914,36.71977615356445,36.935333251953125,9883728
2024-08-23,37.141517639160156,37.43205261230469,37.01030731201172,37.31958770751953,12464907
2024-08-26,37.50703048706055,37.91939926147461,37.35707473754883,37.72258758544922,11867601
2024-08-27,37.64760971069336,37.99437713623047,37.6194953918457,37.71321487426758,13943129
2024-08-28,37.72258758544922,37.816307067871094,37.403934478759766,37.42267990112305,11971313
2024-08-29,37.50703048706055,37.56325912475586,36.925960540771484,36.98219299316406,24142369
2024-08-30,37.23523712158203,37.23523712158203,36.71040344238281,37.08528518676758,27608518
2024-09-03,37.188377380371094,37.38519287109375,36.935333251953125,37.01968002319336,19580517
2024-09-04,37.207122802734375,37.64760971069336,35.98875427246094,36.241798400878906,26178525
2024-09-05,36.46672821044922,37.32896041870117,36.43861389160156,37.30084228515625,20308958
2024-09-06,37.30084228515625,37.816307067871094,37.01030731201172,37.122772216796875,19791996
2024-09-09,37.24460983276367,37.51639938354492,36.504215240478516,37.225868225097656,14501384
2024-09-10,37.31958770751953,37.45079803466797,36.46672821044922,36.68228530883789,14673811
2024-09-11,36.68228530883789,36.68228530883789,35.745079040527344,36.25117111206055,18014588
2024-09-12,36.42924118041992,36.860355377197266,36.09184646606445,36.84161376953125,18198325
2024-09-13,36.84161376953125,37.38519287109375,36.76663589477539,37.06654357910156,13978234
2024-09-16,37.29146957397461,37.5351448059082,36.729148864746094,36.88847351074219,17851870
2024-09-17,37.06654357910156,37.31958770751953,36.75726318359375,36.81349563598633,13991784
2024-09-18,36.88847351074219,37.59137725830078,36.08247375488281,37.31958770751953,18436800
2024-09-19,37.825679779052734,38.49109649658203,37.62886428833008,37.741329193115234,17997516
2024-09-20,37.6944694519043,38.088096618652344,37.43205261230469,37.59137725830078,63664049
2024-09-23,37.685096740722656,38.35051345825195,37.60074996948242,38.172447204589844,23449779
2024-09-24,38.26616668701172,38.87535095214844,38.06935119628906,38.75351333618164,25816599
2024-09-25,38.7066535949707,38.716026306152344,37.98500442504883,38.041236877441406,25666578
2024-09-26,38.15370178222656,38.50046920776367,38.106842041015625,38.444236755371094,20610919
2024-09-27,38.641048431396484,39.43767547607422,38.60356140136719,39.025306701660156,18663110
2024-09-30,39.12839889526367,39.268978118896484,38.7066535949707,39.14714050292969,23877753
2024-10-01,39.015933990478516,39.3345832824707,38.584815979003906,39.08153533935547,19447462
2024-10-02,38.7910041809082,39.23149108886719,38.659793853759766,38.7066535949707,11869735
2024-10-03,38.453609466552734,38.53795623779297,37.98500442504883,38.24742126464844,11158259
2024-10-04,38.3223991394043,38.76288604736328,38.106842041015625,38.60356140136719,14614592
2024-10-07,38.369258880615234,38.60356140136719,37.97563171386719,38.01312255859375,18206328
2024-10-08,38.022491455078125,38.453609466552734,37.844425201416016,38.378631591796875,19391125
2024-10-09,38.388004302978516,38.83786392211914,38.2005615234375,38.800376892089844,12159959
2024-10-10,38.912841796875,39.31583786010742,38.47235107421875,38.51921463012695,12778179
2024-10-11,38.584815979003906,38.87535095214844,38.50046920776367,38.669166564941406,11147803
2024-10-14,38.76288604736328,39.40956115722656,38.7066535949707,39.3345832824707,12933107
2024-10-15,39.2502326965332,40.0843505859375,39.2502326965332,39.46579360961914,15836094
2024-10-16,39.58762741088867,39.93439483642578,39.559513092041016,39.59700012207031,12556456
2024-10-17,39.906280517578125,40.06560516357422,39.03467559814453,39.5782585144043,17379403
2024-10-18,39.31583786010742,39.70946502685547,39.24086380004883,39.297096252441406,15138809
2024-10-21,39.32521057128906,39.343955993652344,37.91939926147461,37.98500442504883,17427845
2024-10-22,38.116214752197266,39.64385986328125,38.022491455078125,38.940956115722656,19840545
2024-10-23,38.922210693359375,39.287723541259766,38.63167953491211,38.940956115722656,17511284
2024-10-24,39.16588592529297,39.36269760131836,38.744140625,39.03467559814453,17672508
2024-10-25,39.4189338684082,39.92502212524414,39.006561279296875,39.04404830932617,20660534
2024-10-28,39.006561279296875,39.32521057128906,39.006561279296875,39.212745666503906,20339688
2024-10-29,39.14714050292969,39.821929931640625,39.11902618408203,39.42830276489258,22504631
2024-10-30,39.194000244140625,39.80318832397461,39.18463134765625,39.58762741088867,29374937
2024-10-31,42.37113571166992,42.4648551940918,40.14995193481445,40.927833557128906,37556693
2024-11-01,41.56513595581055,41.874412536621094,40.75913619995117,40.82474136352539,26758760
2024-11-04,40.94657897949219,41.02155685424805,39.821929931640625,39.85942077636719,23210238
2024-11-05,40.05623245239258,40.35614013671875,39.66260528564453,39.887535095214844,17907674
2024-11-06,41.077789306640625,42.3805046081543,40.702903747558594,42.3055305480957,33154358
2024-11-07,42.14620590209961,42.174320220947266,41.37769317626953,41.415184020996094,18300757
2024-11-08,41.38706588745117,41.602622985839844,40.91846466064453,41.15276336669922,24562020
2024-11-11,41.199623107910156,41.827552795410156,41.15276336669922,41.424556732177734,11831536
2024-11-12,41.143394470214844,41.424556732177734,41.09653091430664,41.274600982666016,14310497
2024-11-13,40.91846466064453,41.415184020996094,40.77788162231445,41.15276336669922,12369731
2024-11-14,41.15276336669922,41.2933464050293,40.47797775268555,40.7497673034668,21530780
2024-11-15,40.7497673034668,41.068416595458984,39.906280517578125,40.187442779541016,19494837
2024-11-18,40.159324645996094,40.5060920715332,40.06560516357422,40.29990768432617,20380660
2024-11-19,39.92502212524414,40.0843505859375,39.65323257446289,39.66260528564453,31241013
2024-11-20,40.06560516357422,40.31864929199219,39.353328704833984,40.29053497314453,22480196
2024-11-21,40.39362716674805,40.984066009521484,39.840675354003906,40.76850891113281,16695562
2024-11-22,40.5435791015625,40.974693298339844,40.449859619140625,40.740394592285156,11349999
2024-11-25,41.16213607788086,41.265228271484375,40.4217414855957,40.48734664916992,25102242
2024-11-26,40.29990768432617,40.5435791015625,39.77507019042969,39.9625129699707,19624904
2024-11-27,39.93439483642578,40.33739471435547,39.85942077636719,39.887535095214844,17323599
2024-11-29,39.79381561279297,40.55295181274414,39.756324768066406,40.47797775268555,10197319
2024-12-02,40.30927658081055,40.59043884277344,40.0,40.57169723510742,17342378
2024-12-03,40.5060920715332,40.721649169921875,40.14057922363281,40.168697357177734,15313797
2024-12-04,40.028114318847656,40.27178955078125,39.71883773803711,39.8781623840332,15600607
2024-12-05,39.93439483642578,40.28116226196289,39.79381561279297,40.103092193603516,14527205
2024-12-06,40.06560516357422,40.47797775268555,40.04685974121094,40.440486907958984,16654376
2024-12-09,40.49671936035156,40.5810661315918,36.326148986816406,36.597938537597656,48285911
2024-12-10,36.61668014526367,37.29146957397461,36.110591888427734,37.04779815673828,30599533
2024-12-11,36.9915657043457,37.33833312988281,36.944705963134766,37.216495513916016,25525734
2024-12-12,37.413307189941406,37.835052490234375,37.32896041870117,37.71321487426758,23970689
2024-12-13,37.25398254394531,37.67572784423828,37.16963577270508,37.413307189941406,19240784
2024-12-16,36.63542556762695,37.24460983276367,36.35426330566406,36.41986846923828,21535048
2024-12-17,36.42924118041992,36.663543701171875,36.13870620727539,36.3636360168457,20479038
2024-12-18,36.12933349609375,36.49484634399414,35.417057037353516,35.482662200927734,24161788
2024-12-19,35.56700897216797,35.65135955810547,34.91096496582031,35.051544189453125,24163816
2024-12-20,35.2296142578125,35.90440368652344,34.96719741821289,35.8200569152832,64062787
2024-12-23,35.64198684692383,35.81068420410156,35.30459213256836,35.59512710571289,17799054
2024-12-24,35.473289489746094,36.00749969482422,35.342079162597656,35.98875427246094,7995138
2024-12-26,35.84817123413086,36.044986724853516,35.698219299316406,35.84817123413086,11549742
2024-12-27,35.46391677856445,35.84817123413086,35.32333755493164,35.54826736450195,16425611
2024-12-30,35.407684326171875,35.501407623291016,34.779754638671875,35.04217529296875,25318096
2024-12-31,34.96719741821289,35.23898696899414,34.90159225463867,35.17338180541992,14623555
2025-01-02,35.426429748535156,35.56700897216797,34.864105224609375,35.070289611816406,30710501
2025-01-03,35.25773239135742,35.37019729614258,35.02342987060547,35.30459213256836,21696378
2025-01-06,34.99531555175781,35.763824462890625,34.948455810546875,35.135894775390625,33522793
2025-01-07,35.08903503417969,35.398311614990234,34.68603515625,34.845359802246094,17634949
2025-01-08,34.47047805786133,34.90159225463867,33.964385986328125,34.83599090576172,29122271
2025-01-10,34.47985076904297,34.83599090576172,34.039363861083984,34.07685089111328,29541602
2025-01-13,34.217430114746094,34.41424560546875,33.973758697509766,34.16120147705078,21311511
2025-01-14,34.329898834228516,34.33926773071289,33.880035400390625,34.09559631347656,26781807
2025-01-15,34.46110534667969,34.53608322143555,34.00187301635742,34.20806121826172,23760490
2025-01-16,34.226802825927734,34.33926773071289,33.99250030517578,34.029991149902344,22528745
2025-01-17,34.44236373901367,34.592315673828125,34.16120147705078,34.28303527832031,23517000
2025-01-21,34.28303527832031,34.91096496582031,34.245548248291016,34.6485481262207,22541335
2025-01-22,34.54545593261719,34.864105224609375,34.217430114746094,34.779754638671875,22536214
2025-01-23,34.929710388183594,35.17338180541992,34.592315673828125,35.117149353027344,18639636
2025-01-24,35.01405715942383,35.2764778137207,34.939083099365234,35.25773239135742,19479365
2025-01-27,35.210872650146484,35.98875427246094,35.201499938964844,35.829429626464844,26139259
2025-01-28,35.56700897216797,35.773197174072266,35.117149353027344,35.1921272277832,19094605
2025-01-29,35.32333755493164,35.45454406738281,34.91096496582031,35.01405715942383,22981259
2025-01-30,32.258670806884766,32.502342224121094,30.459230422973633,31.16213607788086,82541199
2025-01-31,31.368322372436523,31.874414443969727,31.20899772644043,31.5463924407959,41793430
2025-02-03,31.030927658081055,31.658857345581055,30.965322494506836,31.10590362548828,48476371
2025-02-04,30.6279296875,31.499530792236328,30.56232452392578,31.44329833984375,43224917
2025-02-05,31.44329833984375,31.81818199157715,31.218368530273438,31.808809280395508,35732656
2025-02-06,31.958763122558594,32.314903259277344,31.630739212036133,32.3055305480957,31837466
2025-02-07,32.446109771728516,32.49296951293945,31.958763122558594,32.21180725097656,25697628
2025-02-10,32.54920196533203,32.596065521240234,32.230552673339844,32.3055305480957,28800891
2025-02-11,31.940019607543945,33.130271911621094,31.940019607543945,33.01780700683594,34827414
2025-02-12,32.727272033691406,33.01780700683594,32.69915771484375,32.70853042602539,25011120
2025-02-13,32.83973693847656,33.270851135253906,32.74601745605469,33.15838623046875,21941575
2025-02-14,33.17713165283203,33.38331985473633,33.074039459228516,33.16775894165039,19134938
2025-02-18,33.045921325683594,34.09559631347656,32.89596939086914,34.06747817993164,25624325
2025-02-19,34.15182876586914,34.44236373901367,34.00187301635742,34.18931579589844,24222287
2025-02-20,34.10496520996094,34.41424560546875,33.82380676269531,34.12371063232422,27582057
2025-02-21,34.2642936706543,34.34864044189453,33.91752624511719,33.964385986328125,22850125
2025-02-24,34.10496520996094,34.47985076904297,33.945640563964844,34.0206184387207,30006174
2025-02-25,34.16120147705078,34.657920837402344,33.50515365600586,33.598873138427734,36571425
2025-02-26,33.53327178955078,33.58013153076172,32.802249908447266,32.89596939086914,33249000
2025-02-27,32.8865966796875,33.25210952758789,32.802249908447266,33.16775894165039,24810097
2025-02-28,33.411434173583984,33.82380676269531,33.29896926879883,33.626991271972656,28571699
2025-03-03,33.617618560791016,33.964385986328125,33.50515365600586,33.72071075439453,21175362
2025-03-04,33.93627166748047,34.039363861083984,33.055294036865234,33.270851135253906,33088097
2025-03-05,33.10215759277344,33.44892120361328,32.774131774902344,33.327083587646484,26180019
2025-03-06,33.29896926879883,34.05810546875,33.130271911621094,33.99250030517578,31067092
2025-03-07,33.81443405151367,35.25773239135742,33.80506134033203,35.2296142578125,46225748
2025-03-10,35.060916900634766,35.59512710571289,33.767574310302734,33.84254837036133,46334688
2025-03-11,33.80506134033203,34.039363861083984,33.25210952758789,33.692596435546875,34393145
2025-03-12,33.5145263671875,33.626991271972656,32.70853042602539,32.98031997680664,25026485
2025-03-13,32.96157455444336,33.66447830200195,32.48360061645508,32.521087646484375,34203539
2025-03-14,32.877227783203125,33.355201721191406,32.47422790527344,33.20524978637695,29242949
2025-03-17,33.26148223876953,33.66447830200195,33.12089920043945,33.50515365600586,18031446
2025-03-18,33.57075881958008,33.86129379272461,33.336456298828125,33.74882888793945,19081161
2025-03-19,33.78631591796875,33.945640563964844,33.673851013183594,33.82380676269531,23197220
2025-03-20,33.64573669433594,34.38612747192383,33.608245849609375,34.20806121826172,18212410
2025-03-21,33.964385986328125,34.5641975402832,33.81443405151367,34.44236373901367,58220322
2025-03-24,34.47985076904297,34.5641975402832,34.18931579589844,34.301780700683594,37273831
2025-03-25,34.1799430847168,34.62980270385742,33.66447830200195,34.62042999267578,33540505
2025-03-26,34.67666244506836,35.3514518737793,34.54545593261719,35.02342987060547,27680327
2025-03-27,34.939083099365234,35.2764778137207,34.71415328979492,35.02342987060547,19053099
2025-03-28,34.95782470703125,35.126522064208984,34.29240798950195,34.320526123046875,24894924
2025-03-31,34.517337799072266,34.70478057861328,34.06747817993164,34.582942962646484,29669322
2025-04-01,34.62042999267578,34.8078727722168,34.226802825927734,34.41424560546875,22127766
2025-04-02,34.029991149902344,34.34864044189453,33.84254837036133,34.311153411865234,20089049
2025-04-03,34.311153411865234,34.35801315307617,33.36457443237305,33.4770393371582,28631985
2025-04-04,32.73664474487305,33.130271911621094,31.246484756469727,31.283973693847656,39814678
2025-04-07,30.89971923828125,32.27741241455078,30.34676742553711,31.368322372436523,49231060
2025-04-08,31.368322372436523,32.14620590209961,30.459230422973633,30.777881622314453,36247484
2025-04-09,30.459230422973633,33.03655242919922,30.178068161010742,32.970947265625,48117325
2025-04-10,32.596065521240234,32.70853042602539,31.012184143066406,31.565135955810547,33907980
2025-04-11,31.82755470275879,31.865041732788086,31.134021759033203,31.602624893188477,28608297
2025-04-14,31.283973693847656,32.28678512573242,31.16213607788086,32.00562286376953,21801798
2025-04-15,32.27741241455078,32.57732009887695,32.10871505737305,32.239925384521484,19195223
2025-04-16,32.14620590209961,32.29615783691406,31.265230178833008,31.44329833984375,22073029
2025-04-17,31.658857345581055,32.14620590209961,31.602624893188477,31.874414443969727,23021592
2025-04-21,31.630739212036133,31.874414443969727,31.16213607788086,31.490158081054688,24482742
2025-04-22,31.72446060180664,32.099342346191406,31.611995697021484,32.05248260498047,24656770
2025-04-23,32.36176300048828,32.83036422729492,32.230552673339844,32.3055305480957,30051628
2025-04-24,29.97188377380371,31.255857467651367,29.465791702270508,31.10590362548828,47249214
2025-04-25,31.41518211364746,31.808809280395508,31.049671173095703,31.771320343017578,31336510
2025-04-28,31.771320343017578,32.08997344970703,31.50890350341797,31.649484634399414,29764712
2025-04-29,31.537019729614258,31.921274185180664,31.490158081054688,31.808809280395508,24265287
2025-04-30,31.649484634399414,32.11808776855469,31.077787399291992,32.05248260498047,30062512
2025-05-01,31.72446060180664,32.08060073852539,31.555763244628906,31.69634437561035,21636306
2025-05-02,31.865041732788086,32.36176300048828,31.855670928955078,32.29615783691406,26487101
2025-05-05,31.930646896362305,32.502342224121094,31.846298217773438,32.28678512573242,21687949
2025-05-06,32.099342346191406,32.427364349365234,31.930646896362305,32.32427215576172,17182861
2025-05-07,32.455482482910156,32.68978500366211,32.06185531616211,32.230552673339844,26839425
2025-05-08,32.32427215576172,32.53982925415039,32.00562286376953,32.07122802734375,37632450
2025-05-09,32.183692932128906,32.28678512573242,32.00562286376953,32.099342346191406,18053320
2025-05-12,32.62417984008789,33.18650436401367,32.36176300048828,32.53982925415039,24640338
2025-05-13,32.66166687011719,32.90534210205078,32.32427215576172,32.60543441772461,20349291
2025-05-14,32.48360061645508,32.63355255126953,32.19306564331055,32.38987731933594,19372772
2025-05-15,32.4648551940918,33.149017333984375,32.343017578125,33.11152648925781,19370318
2025-05-16,33.10215759277344,33.420806884765625,32.98969268798828,33.25210952758789,22184637
2025-05-19,33.130271911621094,33.29896926879883,33.02717971801758,33.21461868286133,15132728
2025-05-20,33.15838623046875,33.53327178955078,33.130271911621094,33.355201721191406,15010556
2025-05-21,33.19587707519531,33.38331985473633,32.76476287841797,32.89596939086914,18449390
2025-05-22,32.999061584472656,33.01780700683594,32.39925003051758,32.41799545288086,15394996
2025-05-23,32.08997344970703,32.502342224121094,32.08060073852539,32.35239028930664,14863310
2025-05-27,32.62417984008789,32.90534210205078,32.40862274169922,32.75539016723633,23493740
2025-05-28,32.774131774902344,32.91471481323242,32.39925003051758,32.455482482910156,21086267
2025-05-29,32.455482482910156,32.62417984008789,31.715089797973633,32.12746047973633,24132339
2025-05-30,32.20243835449219,32.57732009887695,31.958763122558594,32.39925003051758,33772791
2025-06-02,32.164947509765625,32.258670806884766,31.705717086791992,32.174320220947266,26976748
2025-06-03,32.19306564331055,32.502342224121094,31.968135833740234,32.48360061645508,23528310
2025-06-04,32.55857467651367,32.70853042602539,32.26803970336914,32.27741241455078,20493549
2025-06-05,32.33364486694336,32.41799545288086,31.949390411376953,32.07122802734375,20115297
2025-06-06,32.33364486694336,32.61480712890625,32.239925384521484,32.521087646484375,14674558
2025-06-09,32.521087646484375,32.70853042602539,32.38987731933594,32.427364349365234,16065072
2025-06-10,32.4648551940918,33.402061462402344,32.35239028930664,33.38331985473633,22664040
2025-06-11,33.420806884765625,33.52389907836914,32.91471481323242,32.970947265625,20289859
2025-06-12,32.970947265625,33.16775894165039,32.867855072021484,33.055294036865234,15181916
2025-06-13,33.045921325683594,33.23336410522461,32.75539016723633,32.811622619628906,18342264
2025-06-16,32.970947265625,33.26148223876953,32.586692810058594,32.90534210205078,19551175
2025-06-17,32.76476287841797,32.83036422729492,32.29615783691406,32.36176300048828,17498160
2025-06-18,32.3805046081543,32.530460357666016,32.06185531616211,32.10871505737305,17338217
2025-06-20,32.33364486694336,32.70853042602539,32.2211799621582,32.36176300048828,45554391
2025-06-23,32.230552673339844,32.455482482910156,32.01499557495117,32.41799545288086,30696630
2025-06-24,32.596065521240234,33.064666748046875,32.427364349365234,32.999061584472656,25948907
2025-06-25,32.94282913208008,32.98031997680664,32.61480712890625,32.65229415893555,23071741
2025-06-26,32.66166687011719,33.01780700683594,32.63355255126953,32.999061584472656,17958250
2025-06-27,33.083412170410156,33.327083587646484,32.98031997680664,33.10215759277344,28744873
2025-06-30,33.149017333984375,33.52389907836914,33.064666748046875,33.44892120361328,19729257
2025-07-01,33.355201721191406,34.35801315307617,33.336456298828125,34.048736572265625,24388953
2025-07-02,33.65510940551758,33.84254837036133,33.4770393371582,33.58013153076172,25762502
2025-07-03,33.5520133972168,34.11433792114258,33.53327178955078,33.73008346557617,10841680
2025-07-07,33.66447830200195,33.87066650390625,33.149017333984375,33.21461868286133,16088760
2025-07-08,33.345829010009766,33.79568862915039,33.16775894165039,33.73945617675781,13563597
2025-07-09,33.66447830200195,33.767574310302734,33.16775894165039,33.38331985473633,15908437
2025-07-10,33.327083587646484,33.711341857910156,33.15838623046875,33.19587707519531,16146591
2025-07-11,33.02717971801758,33.130271911621094,32.76476287841797,32.792877197265625,17994315
2025-07-14,32.70853042602539,33.430179595947266,32.61480712890625,33.402061462402344,19787835
2025-07-15,33.38331985473633,33.43954849243164,32.521087646484375,32.53982925415039,18142094
2025-07-16,32.586692810058594,32.68041229248047,32.12746047973633,32.239925384521484,22516794
2025-07-17,32.14620590209961,32.82099151611328,32.12746047973633,32.521087646484375,18721155
2025-07-18,32.67103958129883,32.73664474487305,32.26803970336914,32.37113571166992,15778903
2025-07-21,32.56794738769531,32.89596939086914,32.49296951293945,32.811622619628906,16874712
2025-07-22,32.90534210205078,33.5145263671875,32.83973693847656,33.055294036865234,15528478
2025-07-23,33.149017333984375,33.64573669433594,33.11152648925781,33.54264450073242,17531237
2025-07-24,33.57075881958008,33.758201599121094,33.149017333984375,33.149017333984375,17215618
2025-07-25,31.99625015258789,32.27741241455078,31.115276336669922,31.565135955810547,35130548
2025-07-28,31.555763244628906,31.630739212036133,31.218368530273438,31.4245548248291,20947237
2025-07-29,31.45267105102539,31.537019729614258,30.534208297729492,30.768510818481445,35116571
2025-07-30,30.768510818481445,31.059043884277344,30.356138229370117,30.459230422973633,38032682
2025-07-31,31.855670928955078,31.958763122558594,30.83411407470703,31.14339256286621,43303235
2025-08-01,31.255857467651367,31.368322372436523,30.431114196777344,30.477975845336914,23900587
2025-08-04,30.57169532775879,30.8809757232666,30.449859619140625,30.515464782714844,31347180
2025-08-05,30.64667320251465,30.768510818481445,30.421743392944336,30.468603134155273,29278587
2025-08-06,30.60918426513672,30.702905654907227,30.112464904785156,30.140581130981445,23014230
2025-08-07,30.328022003173828,30.440486907958984,29.634489059448242,29.681350708007812,26822993
2025-08-08,29.70009422302246,30.02811622619629,29.606372833251953,29.681350708007812,17371507
2025-08-11,29.70009422302246,30.07497787475586,29.0815372467041,29.43767547607422,21291665
2025-08-12,29.540769577026367,30.328022003173828,29.540769577026367,30.084348678588867,21284089
2025-08-13,30.149953842163086,30.92783546447754,30.07497787475586,30.87160301208496,31729166
2025-08-14,30.674789428710938,30.946578979492188,30.55295181274414,30.83411407470703,15556647
2025-08-15,30.955951690673828,31.433927536010742,30.92783546447754,31.349578857421875,22090314
2025-08-18,31.16213607788086,31.490158081054688,31.124649047851562,31.330833435058594,26802933
2025-08-19,31.4245548248291,31.855670928955078,31.349578857421875,31.76194953918457,17918344
2025-08-20,31.808809280395508,31.883785247802734,30.984067916870117,31.19962501525879,21651244
2025-08-21,31.14339256286621,31.499530792236328,31.040300369262695,31.490158081054688,17252536
2025-08-22,31.593252182006836,32.239925384521484,31.593252182006836,32.00562286376953,26961169
2025-08-25,31.911903381347656,32.03373718261719,31.69634437561035,31.874414443969727,18296276
2025-08-26,31.846298217773438,31.846298217773438,31.41518211364746,31.565135955810547,23766145
2025-08-27,31.48078727722168,31.72446060180664,31.349578857421875,31.686973571777344,18694587
2025-08-28,31.72446060180664,31.76194953918457,31.1715087890625,31.46204376220703,22818329
2025-08-29,31.45267105102539,31.855670928955078,31.358949661254883,31.836925506591797,17850910
2025-09-02,31.583879470825195,32.01499557495117,31.537019729614258,31.986879348754883,21662341
2025-09-03,32.00562286376953,32.03373718261719,31.37769317626953,31.76194953918457,19108583
2025-09-04,31.893157958984375,32.28678512573242,31.602624893188477,31.81818199157715,29809633
2025-09-05,31.949390411376953,32.2211799621582,31.48078727722168,31.78069305419922,22531732
2025-09-08,30.52483558654785,31.968135833740234,30.477975845336914,31.865041732788086,29665908
2025-09-09,31.855670928955078,31.902530670166016,31.555763244628906,31.555763244628906,18289981
2025-09-10,31.4245548248291,31.621368408203125,30.83411407470703,31.37769317626953,18866267
2025-09-11,31.358949661254883,31.45267105102539,31.096532821655273,31.302717208862305,23239900
2025-09-12,31.18088150024414,31.283973693847656,30.412370681762695,30.984067916870117,25474412
2025-09-15,30.955951690673828,31.068416595458984,30.477975845336914,30.57169532775879,22823023
2025-09-16,30.57169532775879,30.702905654907227,29.97188377380371,30.262418746948242,23070781
2025-09-17,30.30927848815918,30.740394592285156,30.178068161010742,30.393627166748047,17270569
2025-09-18,30.29990577697754,30.384254455566406,29.362699508666992,29.65323257446289,41634233
2025-09-19,29.65323257446289,29.878162384033203,29.42830467224121,29.606372833251953,57393503
2025-09-22,29.362699508666992,29.597000122070312,29.334583282470703,29.512651443481445,38791959
2025-09-23,29.606372833251953,30.159324645996094,29.606372833251953,29.634489059448242,28049830
2025-09-24,29.793813705444336,29.793813705444336,29.484535217285156,29.6251163482666,24464496
2025-09-25,29.71883773803711,29.906278610229492,29.540769577026367,29.634489059448242,20702681
2025-09-26,29.681350708007812,29.887535095214844,29.578256607055664,29.72821044921875,16608282
2025-09-29,29.831302642822266,29.868791580200195,29.43767547607422,29.512651443481445,23759956
2025-09-30,29.47516441345215,29.812559127807617,29.268978118896484,29.44704818725586,40287999
2025-10-01,29.09090805053711,29.40018653869629,28.959699630737305,28.997188568115234,32274829
2025-10-02,28.79100227355957,28.865978240966797,28.47235107421875,28.49109649658203,26690578
2025-10-03,28.51921272277832,29.240861892700195,28.500469207763672,28.959699630737305,34826773
2025-10-06,28.865978240966797,29.156513214111328,28.509841918945312,29.13776969909668,29735156
2025-10-07,29.13776969909668,29.17525863647461,28.397375106811523,28.678537368774414,32197579
2025-10-08,28.687910079956055,29.044048309326172,28.54732894897461,28.83786392211914,25357468
2025-10-09,28.922212600708008,29.025304794311523,28.17244529724121,28.191190719604492,24066185
2025-10-10,28.294282913208008,28.47235107421875,27.582006454467773,27.610122680664062,24430886
2025-10-13,27.67572593688965,27.90065574645996,27.544517517089844,27.563261032104492,17972655
2025-10-14,27.600749969482422,28.21930694580078,27.563261032104492,28.106842041015625,24966413
2025-10-15,28.050609588623047,28.228679656982422,27.600749969482422,27.853796005249023,21912552
2025-10-16,27.797563552856445,27.95688819885254,27.31958770751953,27.422679901123047,21743966
2025-10-17,27.460168838500977,27.778818130493164,27.328960418701172,27.68509864807129,22066520
2025-10-20,27.694469451904297,27.769447326660156,27.478912353515625,27.713214874267578,18012454
2025-10-21,27.788190841674805,28.106842041015625,27.63823890686035,28.088096618652344,32098561
2025-10-22,28.059980392456055,28.116214752197266,27.535144805908203,27.55388832092285,23490859
2025-10-23,27.760074615478516,27.788190841674805,27.413307189941406,27.460168838500977,22618373
2025-10-24,27.61949348449707,27.760074615478516,27.413307189941406,27.441425323486328,19207601
2025-10-27,27.563261032104492,27.853796005249023,27.450796127319336,27.572633743286133,25722596
2025-10-28,27.469541549682617,27.572633743286133,27.30084228515625,27.441425323486328,28876008
2025-10-29,27.31958770751953,27.422679901123047,26.672914505004883,26.7385196685791,45729166
2025-10-30,24.45173454284668,26.335519790649414,24.13308334350586,25.60449981689453,68328653
2025-10-31,25.051546096801758,26.18556785583496,24.69540786743164,26.091846466064453,52397489
2025-11-03,25.90440559387207,26.016870498657227,25.02342987060547,25.28584861755371,42307297
2025-11-04,25.33270835876465,25.810684204101562,25.201499938964844,25.716962814331055,48614334
2025-11-05,25.726335525512695,26.2324275970459,25.660730361938477,26.18556785583496,42945896
2025-11-06,26.17619514465332,26.298032760620117,25.5670108795166,25.59512710571289,35022568
2025-11-07,25.83880043029785,26.035614013671875,25.31396484375,25.632614135742188,38966093
2025-11-10,25.538894653320312,25.754451751708984,25.07029151916504,25.417057037353516,59186383
2025-11-11,25.65135955810547,25.913776397705078,25.35145378112793,25.726335525512695,56995939
2025-11-12,25.716962814331055,26.20431137084961,25.698219299316406,26.13870620727539,33011806
2025-11-13,26.016870498657227,26.50421714782715,26.016870498657227,26.213682174682617,34101960
2025-11-14,26.260543823242188,26.45735740661621,25.538894653320312,25.782567977905273,40374320
2025-11-17,25.782567977905273,25.88566017150879,25.445173263549805,25.510778427124023,28365982
2025-11-18,25.641986846923828,25.820056915283203,25.370197296142578,25.641986846923828,31200787
2025-11-19,25.57638168334961,25.65135955810547,25.089035034179688,25.182754516601562,29309743
2025-11-20,25.28584861755371,25.435800552368164,24.882848739624023,24.957826614379883,26345084
2025-11-21,24.920337677001953,25.698219299316406,24.920337677001953,25.632614135742188,33688178
2025-11-24,25.58575439453125,25.62324333190918,24.770383834838867,24.798500061035156,55123888
2025-11-25,24.882848739624023,25.388940811157227,24.854732513427734,25.00468635559082,32485455
2025-11-26,25.089035034179688,25.117151260375977,24.835988998413086,24.901592254638672,25848609
2025-11-28,24.817245483398438,25.192127227783203,24.789127349853516,25.014057159423828,14547478
2025-12-01,24.835988998413086,25.154638290405273,24.789127349853516,24.910964965820312,30211892
2025-12-02,25.042173385620117,25.55763816833496,24.742267608642578,25.323335647583008,48848754
2025-12-03,25.26710319519043,25.782567977905273,25.164011001586914,25.707590103149414,29501163
2025-12-04,25.754451751708984,25.791940689086914,25.34208106994629,25.492034912109375,43540215
2025-12-05,25.52014923095703,26.316776275634766,25.501405715942383,25.59512710571289,50881282
2025-12-08,25.61387062072754,25.62324333190918,24.910964965820312,24.97657012939453,42823191
2025-12-09,24.97657012939453,25.238988876342773,24.789127349853516,25.107778549194336,29309316
2025-12-10,25.192127227783203,25.960636138916016,25.089035034179688,25.84817123413086,39408045
2025-12-11,25.913776397705078,25.988754272460938,25.435800552368164,25.86691665649414,49189234
2025-12-12,25.820056915283203,26.10121726989746,25.473289489746094,25.52014923095703,30849211
2025-12-15,25.820056915283203,26.52296257019043,25.745080947875977,26.438613891601562,42691310
2025-12-16,26.438613891601562,27.97563362121582,26.129335403442383,27.863168716430664,98031159
2025-12-17,27.703842163085938,28.669166564941406,27.582006454467773,28.416120529174805,76466448
2025-12-18,28.041236877441406,28.51921272277832,27.872539520263672,28.369260787963867,49457691
2025-12-19,28.24742317199707,28.462980270385742,27.62886619567871,27.713214874267578,97603932
2025-12-22,27.62886619567871,27.92877197265625,27.35707664489746,27.422679901123047,32785176
2025-12-23,27.441425323486328,27.563261032104492,27.179006576538086,27.535144805908203,22459603
2025-12-24,27.535144805908203,27.985004425048828,27.525772094726562,27.9100284576416,11046544
2025-12-26,27.872539520263672,27.985004425048828,27.656982421875,27.797563552856445,13253527
2025-12-29,27.797563552856445,28.022493362426758,27.666353225708008,27.99437713623047,25635529
2025-12-30,27.92877197265625,28.20993423461914,27.90065574645996,28.088096618652344,24549536
2025-12-31,27.99437713623047,28.2005615234375,27.872539520263672,28.013120651245117,18388891
2026-01-02,28.013120651245117,28.069353103637695,27.535144805908203,27.68509864807129,25911241
2026-01-05,27.729999542236328,28.93000030517578,27.709999084472656,28.1299991607666,47571600
2026-01-06,27.84000015258789,27.940000534057617,27.100000381469727,27.420000076293945,34552600
2026-01-07,27.450000762939453,27.90999984741211,27.34000015258789,27.899999618530273,36361700
2026-01-08,27.65999984741211,28.5,27.5,28.209999084472656,30813300
2026-01-09,28.1299991607666,28.549999237060547,27.780000686645508,28.3700008392334,22315300
2026-01-12,28.739999771118164,29.31999969482422,28.489999771118164,29.059999465942383,40310200
2026-01-13,28.899999618530273,29.25,28.399999618530273,28.479999542236328,35155000
2026-01-14,28.049999237060547,28.540000915527344,28.030000686645508,28.420000076293945,27336300
2026-01-15,28.40999984741211,28.549999237060547,28.190000534057617,28.350000381469727,31081600
2026-01-16,28.25,28.3799991607666,27.559999465942383,27.81999969482422,38596900
2026-01-20,27.829999923706055,28.579999923706055,27.690000534057617,28.15999984741211,50568300
2026-01-21,28.09000015258789,29.010000228881836,28.09000015258789,28.889999389648438,44865500
2026-01-22,28.8799991607666,29.440000534057617,28.8700008392334,29.229999542236328,35617700
2026-01-23,28.979999542236328,29.329999923706055,28.760000228881836,29.299999237060547,29380200
2026-01-26,29.290000915527344,29.5,29.15999984741211,29.43000030517578,43266700
2026-01-27,29.34000015258789,29.420000076293945,28.6299991607666,28.700000762939453,40826400
2026-01-28,28.829999923706055,29.100000381469727,28.239999771118164,28.40999984741211,46428800
2026-01-29,27.6299991607666,30.110000610351562,27.579999923706055,29.239999771118164,65923400
2026-01-30,29.639999389648438,29.850000381469727,28.899999618530273,29.75,51300200
2026-02-02,29.6200008392334,29.93000030517578,29.399999618530273,29.59000015258789,31343400
2026-02-03,29.639999389648438,30.280000686645508,29.530000686645508,29.760000228881836,37200800
2026-02-04,30.010000228881836,31.1299991607666,29.920000076293945,30.5,41031100
2026-02-05,30.530000686645508,30.940000534057617,30.350000381469727,30.850000381469727,30243800
2026-02-06,30.809999465942383,31.43000030517578,30.770000457763672,31.3700008392334,30791600
2026-02-09,31.100000381469727,31.68000030517578,30.760000228881836,31.610000610351562,24316900
2026-02-10,31.59000015258789,32.38999938964844,31.530000686645508,32.310001373291016,32111400
2026-02-11,32.290000915527344,32.84000015258789,32.279998779296875,32.47999954223633,27355300
2026-02-12,32.70000076293945,32.86000061035156,31.809999465942383,31.81999969482422,34309400
2026-02-13,31.700000762939453,31.8799991607666,31.1200008392334,31.56999969482422,28487900
2026-02-17,31.670000076293945,31.950000762939453,31.459999084472656,31.549999237060547,28089700
2026-02-18,31.6200008392334,31.81999969482422,31.34000015258789,31.600000381469727,20768600
2026-02-19,31.56999969482422,31.760000228881836,31.209999084472656,31.3799991607666,25767800
2026-02-20,31.290000915527344,31.450000762939453,30.790000915527344,31.34000015258789,25242200
2026-02-23,31.3700008392334,31.81999969482422,31.260000228881836,31.6299991607666,19564600
2026-02-24,31.479999542236328,31.850000381469727,31.360000610351562,31.610000610351562,20735400
2026-02-25,31.600000381469727,31.770000457763672,30.690000534057617,30.790000915527344,32273600
2026-02-26,30.860000610351562,31.219999313354492,30.809999465942383,30.850000381469727,25478000
2026-02-27,30.709999084472656,31.18000030517578,30.389999389648438,30.959999084472656,34865700
2026-03-02,30.739999771118164,31.059999465942383,30.530000686645508,30.81999969482422,22490300
2026-03-03,30.68000030517578,31.360000610351562,30.270000457763672,31.010000228881836,27217400
2026-03-04,30.850000381469727,32.13999938964844,30.6299991607666,32.09000015258789,28509100
2026-03-05,31.940000534057617,32.400001525878906,31.469999313354492,31.600000381469727,24202700
2026-03-06,31.389999389648438,31.969999313354492,30.989999771118164,31.90999984741211,23119100
2026-03-09,31.639999389648438,31.760000228881836,30.469999313354492,31.040000915527344,45897400
2026-03-10,30.940000534057617,31.18000030517578,30.549999237060547,31.06999969482422,21238700
2026-03-11,31.059999465942383,31.329999923706055,30.260000228881836,30.56999969482422,23701900
2026-03-12,30.329999923706055,30.56999969482422,30.0,30.15999984741211,23947600
2026-03-13,30.329999923706055,30.549999237060547,30.110000610351562,30.15999984741211,20252800
2026-03-16,30.15999984741211,30.559999465942383,30.059999465942383,30.34000015258789,19653200
2026-03-17,30.600000381469727,30.790000915527344,30.049999237060547,30.079999923706055,24222000
2026-03-18,29.940000534057617,30.110000610351562,28.530000686645508,28.56999969482422,36334100
2026-03-19,28.790000915527344,29.34000015258789,28.709999084472656,28.979999542236328,36163200
2026-03-20,28.93000030517578,29.520000457763672,28.84000015258789,29.020000457763672,246107100
2026-03-23,29.1299991607666,29.389999389648438,28.829999923706055,29.010000228881836,31505500
2026-03-24,29.040000915527344,29.709999084472656,28.93000030517578,29.219999313354492,21804200
2026-03-25,29.15999984741211,29.420000076293945,28.610000610351562,28.729999542236328,22266800
2026-03-26,28.729999542236328,29.149999618530273,28.610000610351562,28.719999313354492,28571200
2026-03-27,28.700000762939453,28.81999969482422,28.260000228881836,28.329999923706055,19776200
2026-03-30,28.610000610351562,29.229999542236328,28.3799991607666,28.899999618530273,32458500
2026-03-31,29.280000686645508,29.290000915527344,28.3700008392334,28.709999084472656,28734100
2026-04-01,28.229999542236328,28.389999389648438,27.75,28.049999237060547,27163500
2026-04-02,28.040000915527344,28.15999984741211,27.579999923706055,27.93000030517578,25105400
2026-04-06,27.989999771118164,28.170000076293945,27.6299991607666,27.65999984741211,19631400
2026-04-07,27.729999542236328,27.93000030517578,27.479999542236328,27.790000915527344,37148500
2026-04-08,27.790000915527344,28.09000015258789,27.65999984741211,27.959999084472656,23123100
2026-04-09,27.81999969482422,28.31999969482422,27.6299991607666,28.309999465942383,24209100
2026-04-10,28.420000076293945,28.469999313354492,27.829999923706055,27.93000030517578,18153900
2026-04-13,27.950000762939453,28.190000534057617,27.59000015258789,28.049999237060547,20312900
2026-04-14,27.829999923706055,28.3799991607666,27.799999237060547,28.139999389648438,17564400
2026-04-15,28.15999984741211,28.510000228881836,28.010000228881836,28.299999237060547,18045000
2026-04-16,28.34000015258789,29.459999084472656,28.270000457763672,29.350000381469727,27115800
2026-04-17,29.299999237060547,29.780000686645508,29.15999984741211,29.6299991607666,32422000
2026-04-20,29.6299991607666,30.139999389648438,29.559999465942383,29.729999542236328,22174000
2026-04-21,29.760000228881836,29.920000076293945,28.889999389648438,29.049999237060547,37226100
2026-04-22,29.139999389648438,29.530000686645508,29.110000610351562,29.3700008392334,25222700
2026-04-23,30.5,32.08000183105469,30.399999618530273,31.639999389648438,46477900
2026-04-24,30.959999084472656,31.030000686645508,27.5,27.559999465942383,65543100
2026-04-27,27.450000762939453,28.010000228881836,27.299999237060547,27.510000228881836,31684600
2026-04-28,28.040000915527344,28.309999465942383,27.549999237060547,27.639999389648438,23549000
