timestamp,ret,equity,drawdown,benchmark_equity,active_ret
2023-01-03,0.0,1000.0,0.0,1000.0,0.0
2023-01-04,0.0,1000.0,0.0,1003.317851369977,-0.0033178513699769663
2023-01-05,0.0,1000.0,0.0,987.5913894146646,0.015674456438544017
2023-01-06,0.0,1000.0,0.0,1008.5312624657452,-0.021202972479834423
2023-01-09,0.0,1000.0,0.0,1011.3128051308904,-0.002758013329546878
2023-01-10,0.0,1000.0,0.0,1018.4361743562179,-0.007043685385161879
2023-01-11,0.0,1000.0,0.0,1029.6962537998363,-0.011056244590620884
2023-01-12,0.0,1000.0,0.0,1036.322642508562,-0.0064352848563573395
2023-01-13,0.0,1000.0,0.0,1042.6956357943732,-0.006149622737552404
2023-01-17,0.0,1000.0,0.0,1043.1039640459103,-0.0003916082867521905
2023-01-18,0.0,1000.0,0.0,1025.696494577983,0.016688144296191434
2023-01-19,0.0,1000.0,0.0,1022.4932781217177,0.0031229671478824757
2023-01-20,0.0,1000.0,0.0,1044.7032816395345,-0.02172141762987013
2023-01-23,0.0,1000.0,0.0,1060.3786607852578,-0.01500462324682557
2023-01-24,0.0,1000.0,0.0,1061.6649422854628,-0.001213039782649336
2023-01-25,0.0,1000.0,0.0,1059.1112713216346,0.00240534547399739
2023-01-26,0.0,1000.0,0.0,1072.9815028223118,-0.013096104135846508
2023-01-27,0.0,1000.0,0.0,1083.2701353716436,-0.009588825643563538
2023-01-30,0.0,1000.0,0.0,1061.4094034756774,0.02018031438526303
2023-01-31,0.0,1000.0,0.0,1076.2469720484776,-0.013979119201519487
2023-02-01,0.0,1000.0,0.0,1092.4110213142342,-0.015018903360992248
2023-02-02,0.0,1000.0,0.0,1129.5738960464919,-0.034019131999921265
2023-02-03,0.0,1000.0,0.0,1123.4864446880113,0.005389157256366007
2023-02-06,0.0,1000.0,0.0,1117.6124941560515,0.005228323456622638
2023-02-07,0.0,1000.0,0.0,1139.559722999865,-0.01963760154666733
2023-02-08,0.0,1000.0,0.0,1123.2468405205575,0.01431507462931757
2023-02-09,0.0,1000.0,0.0,1109.5892074358844,0.012159066548848341
2023-02-10,0.0,1000.0,0.0,1104.9020732663494,0.004224206704719609
2023-02-13,0.0,1000.0,0.0,1120.4093264190385,-0.014034957058996378
2023-02-14,0.0,1000.0,0.0,1125.0253384769671,-0.0041199336252241555
2023-02-15,0.0,1000.0,0.0,1123.876989064878,0.00102073204292763
2023-02-16,0.0,1000.0,0.0,1105.3756692695913,0.0164620505404962
2023-02-17,0.0,1000.0,0.0,1104.2045698245431,0.0010594583159425428
2023-02-21,0.0,1000.0,0.0,1084.4951719252042,0.0178494080154645
2023-02-22,0.0,1000.0,0.0,1082.7335734458484,0.0016243488444756184
2023-02-23,0.0,1000.0,0.0,1099.8735368132282,-0.01583026867157281
2023-02-24,0.0,1000.0,0.0,1087.3457383936882,0.011390217147907637
2023-02-27,0.0,1000.0,0.0,1090.8269134674717,-0.003201534664518224
2023-02-28,0.0,1000.0,0.0,1088.4858837829727,0.0021461055421318235
2023-03-01,0.0,1000.0,0.0,1080.9225507246322,0.006948489797639351
2023-03-02,0.0,1000.0,0.0,1090.4537456482292,-0.008817648329390047
2023-03-03,0.0,1000.0,0.0,1113.3617877059241,-0.021007807207885584
2023-03-06,0.0,1000.0,0.0,1117.7263482923008,-0.0039201638088996816
2023-03-07,0.0,1000.0,0.0,1101.8705641166462,0.014185747879952497
2023-03-08,0.0,1000.0,0.0,1104.7571447292817,-0.002619709343946003
2023-03-09,0.0,1000.0,0.0,1084.424785723198,0.018404369777636487
2023-03-10,0.0,1000.0,0.0,1075.6948723878572,0.008050270936512095
2023-03-13,0.0,1000.0,0.0,1080.0413744124626,-0.004040645852440502
2023-03-14,0.0,1000.0,0.0,1106.9942422624054,-0.02495540308777972
2023-03-15,0.0,1000.0,0.0,1109.4212672602669,-0.002192445909114443
2023-03-16,0.0,1000.0,0.0,1135.1443283118049,-0.023186017620755853
2023-03-17,0.0,1000.0,0.0,1126.0265297623955,0.008032281289701267
2023-03-20,0.0,1000.0,0.0,1133.0595332675891,-0.006245859506238793
2023-03-21,0.0,1000.0,0.0,1147.9382643209667,-0.013131464514021888
2023-03-22,0.0,1000.0,0.0,1136.3794930659694,0.010069157562087845
2023-03-23,0.0,1000.0,0.0,1146.3913118917649,-0.0088102776289841
2023-03-24,0.0,1000.0,0.0,1150.3873455289997,-0.0034857501062536167
2023-03-27,0.0,1000.0,0.0,1146.7586087400925,0.003154360835948303
2023-03-28,0.0,1000.0,0.0,1139.5262781474116,0.006306759362920103
2023-03-29,0.0,1000.0,0.0,1151.7284100235124,-0.01070807414458087
2023-03-30,0.0,1000.0,0.0,1157.5598257661552,-0.005063186504641145
2023-03-31,0.0,1000.0,0.0,1174.0864466951582,-0.01427712033636311
2023-04-03,0.0,1000.0,0.0,1185.1527715672876,-0.009425477061999234
2023-04-04,0.0,1000.0,0.0,1182.7892247823088,0.001994297141838529
2023-04-05,0.0,1000.0,0.0,1184.724707344047,-0.0016363714863013579
2023-04-06,0.0,1000.0,0.0,1195.5312149693013,-0.009121534782102052
2023-04-10,0.0,1000.0,0.0,1192.2242306453502,0.0027661212710670528
2023-04-11,0.0,1000.0,0.0,1188.268813264992,0.0033176790730186797
2023-04-12,0.0,1000.0,0.0,1184.06823756807,0.0035350382422140877
2023-04-13,0.0,1000.0,0.0,1203.208406964893,-0.016164751987718648
2023-04-14,0.0,1000.0,0.0,1209.7154705257174,-0.005408093496652591
2023-04-17,0.0,1000.0,0.0,1207.0713680450654,0.002185722630713351
2023-04-18,0.0,1000.0,0.0,1206.6262069554914,0.0003687943408804911
2023-04-19,0.0,1000.0,0.0,1203.4700026965193,0.002615726594349166
2023-04-20,0.0,1000.0,0.0,1199.2836532088556,0.0034785657127170866
2023-04-21,0.0,1000.0,0.0,1200.1618655365842,-0.0007322807455758932
2023-04-24,0.0,1000.0,0.0,1200.7362251877023,-0.00047856848947735
2023-04-25,0.0,1000.0,0.0,1185.241810455322,0.012904095343636436
2023-04-26,0.0,1000.0,0.0,1188.867432457294,-0.0030589724138900616
2023-04-27,0.0,1000.0,0.0,1222.8449099588706,-0.028579702474772987
2023-04-28,0.0,1000.0,0.0,1231.767300106709,-0.007296420073530344
2023-05-01,0.0,1000.0,0.0,1240.0279564021814,-0.006706344854873799
2023-05-02,0.0,1000.0,0.0,1227.3324792000294,0.010238057244279064
2023-05-03,0.0,1000.0,0.0,1217.5778432008287,0.007947834970976165
2023-05-04,0.0,1000.0,0.0,1209.5114146684004,0.0066249797312528365
2023-05-05,0.0,1000.0,0.0,1231.1096207094458,-0.017856967515239887
2023-05-08,0.0,1000.0,0.0,1234.1130089521932,-0.0024395782408204373
2023-05-09,0.0,1000.0,0.0,1226.7088600718548,0.005999571211573947
2023-05-10,0.0,1000.0,0.0,1235.6617904398888,-0.007298333499857101
2023-05-11,0.0,1000.0,0.0,1238.7782810685062,-0.0025221226817314746
2023-05-12,0.0,1000.0,0.0,1236.6101755291565,0.0017501966029623234
2023-05-15,0.0,1000.0,0.0,1240.5716645487516,-0.00320350672991993
2023-05-16,0.0,1000.0,0.0,1240.656701239657,-6.85463753005761e-05
2023-05-17,0.0,1000.0,0.0,1254.9697346646649,-0.01153665910215637
2023-05-18,0.0,1000.0,0.0,1266.6471529841306,-0.009304940188526466
2023-05-19,0.0,1000.0,0.0,1264.6419103262285,0.0015831106975433046
2023-05-22,0.0,1000.0,0.0,1262.1557064637277,0.0019659350541842576
2023-05-23,0.0,1000.0,0.0,1246.118196650773,0.012706443215225939
2023-05-24,0.0,1000.0,0.0,1241.0930450618898,0.004032644417190362
2023-05-25,0.0,1000.0,0.0,1276.412020723003,-0.028457959539489538
2023-05-26,0.0,1000.0,0.0,1293.1635763363724,-0.013123940656623397
2023-05-30,0.0,1000.0,0.0,1293.2115970300151,-3.713427637562873e-05
2023-05-31,0.0,1000.0,0.0,1285.0338783873851,0.0063235735446627505
2023-06-01,0.0,1000.0,0.0,1306.6119855742954,-0.016791858603750653
2023-06-02,0.0,1000.0,0.0,1318.6009742995673,-0.009175630453138931
2023-06-05,0.0,1000.0,0.0,1315.9200903777516,0.0020331275147431704
2023-06-06,0.0,1000.0,0.0,1311.8009239915036,0.0031302557171732307
2023-06-07,0.0,1000.0,0.0,1294.1271851527922,0.013472881834031876
2023-06-08,0.0,1000.0,0.0,1304.1574798359024,-0.0077506251303468355
2023-06-09,0.0,1000.0,0.0,1307.4766371834266,-0.002545058705595647
2023-06-12,0.0,1000.0,0.0,1318.661637324179,-0.008554646272569168
2023-06-13,0.0,1000.0,0.0,1324.4285687607303,-0.004373321611337259
2023-06-14,0.0,1000.0,0.0,1326.2408909174587,-0.0013683804468401178
2023-06-15,0.0,1000.0,0.0,1344.8000223846352,-0.013993786192444825
2023-06-16,0.0,1000.0,0.0,1340.3724320715878,0.0032923782267615083
2023-06-20,0.0,1000.0,0.0,1342.2596764770713,-0.0014080000157618718
2023-06-21,0.0,1000.0,0.0,1336.535952599102,0.004264244824065622
2023-06-22,0.0,1000.0,0.0,1345.7456886504494,-0.006890750700299219
2023-06-23,0.0,1000.0,0.0,1339.58977067716,0.0045743545940412885
2023-06-26,0.0,1000.0,0.0,1320.841095948574,0.013995833007226227
2023-06-27,0.0,1000.0,0.0,1335.840659429932,-0.0113560696493817
2023-06-28,0.0,1000.0,0.0,1333.5762980070404,0.0016950834719000607
2023-06-29,0.0,1000.0,0.0,1338.9058396759376,-0.003996428008552721
2023-06-30,0.0,1000.0,0.0,1359.9275286433547,-0.01570064775615969
2023-07-03,0.0,1000.0,0.0,1357.8370959919532,0.0015371647439822445
2023-07-05,0.0,1000.0,0.0,1358.986282126341,-0.0008463357922536325
2023-07-06,0.0,1000.0,0.0,1353.0566612297273,0.004363267661050945
2023-07-07,0.0,1000.0,0.0,1343.7800525448697,0.006856038590746501
2023-07-10,0.0,1000.0,0.0,1340.4919956471429,0.0024468713399190445
2023-07-11,0.0,1000.0,0.0,1346.0447810279609,-0.004142348778544732
2023-07-12,0.0,1000.0,0.0,1359.2968759494458,-0.009845211027351171
2023-07-13,0.0,1000.0,0.0,1376.810164084287,-0.012884078853347051
2023-07-14,0.0,1000.0,0.0,1386.963541850782,-0.007374566248388958
2023-07-17,0.0,1000.0,0.0,1395.4280875444988,-0.0061029330896627395
2023-07-18,0.0,1000.0,0.0,1406.7081255400594,-0.008083568115222555
2023-07-19,0.0,1000.0,0.0,1407.4396680246728,-0.0005200385718481753
2023-07-20,0.0,1000.0,0.0,1398.438713600518,0.006395268393129306
2023-07-21,0.0,1000.0,0.0,1393.312289637419,0.0036658195409222157
2023-07-24,0.0,1000.0,0.0,1401.113434644005,-0.005598992461780538
2023-07-25,0.0,1000.0,0.0,1409.0127038397643,-0.005637851297719129
2023-07-26,0.0,1000.0,0.0,1412.8986746270295,-0.0027579387869784977
2023-07-27,0.0,1000.0,0.0,1411.2052594801646,0.0011985396952206775
2023-07-28,0.0,1000.0,0.0,1433.4274237966356,-0.01574693983542621
2023-07-31,0.0,1000.0,0.0,1428.0498191290765,0.003751570939891596
2023-08-01,0.0,1000.0,0.0,1428.2719241555906,-0.0001555303068133976
2023-08-02,0.0,1000.0,0.0,1406.6944879882271,0.015107372624523462
2023-08-03,0.0,1000.0,0.0,1407.7155677986514,-0.0007258717647244446
2023-08-04,0.0,1000.0,0.0,1397.2719478392796,0.007418842412677873
2023-08-07,0.0,1000.0,0.0,1413.3197611596709,-0.011485103773254119
2023-08-08,0.0,1000.0,0.0,1405.0836838776631,0.005827469132144492
2023-08-09,0.0,1000.0,0.0,1388.175471488854,0.012033598128580281
2023-08-10,0.0,1000.0,0.0,1387.1776324099874,0.0007188133628356857
2023-08-11,0.0,1000.0,0.0,1383.6166364718483,0.0025670799866867045
2023-08-14,0.0,1000.0,0.0,1400.4180652893651,-0.01214312431249717
2023-08-15,0.0,1000.0,0.0,1386.8404873584857,0.009695374736596157
2023-08-16,0.0,1000.0,0.0,1375.882479579629,0.00790141900149474
2023-08-17,0.0,1000.0,0.0,1364.1916982277187,0.008496933077803324
2023-08-18,0.0,1000.0,0.0,1362.2604078309366,0.001415703085784153
2023-08-21,0.0,1000.0,0.0,1377.0105120285455,-0.01082766856675722
2023-08-22,0.0,1000.0,0.0,1369.81910126779,0.005222480654967019
2023-08-23,0.0,1000.0,0.0,1386.7414114679516,-0.012353682456683284
2023-08-24,0.0,1000.0,0.0,1371.3423864665604,0.011104467548200108
2023-08-25,0.0,1000.0,0.0,1374.9114493517966,-0.002602605243197059
2023-08-28,0.0,1000.0,0.0,1382.8353925487409,-0.0057632389349000605
2023-08-29,0.0,1000.0,0.0,1403.5052144492024,-0.014947420359529874
2023-08-30,0.0,1000.0,0.0,1407.1869062171384,-0.0026232120337229144
2023-08-31,0.0,1000.0,0.0,1400.4914121640722,0.004758070177802539
2023-09-01,0.0,1000.0,0.0,1400.497728623942,-4.5101739397545124e-06
2023-09-05,0.0,1000.0,0.0,1400.6766121838705,-0.0001277285612623181
2023-09-06,0.0,1000.0,0.0,1386.2863439694156,0.010273797741234743
2023-09-07,0.0,1000.0,0.0,1383.7475668393636,0.0018313511787056676
2023-09-08,0.0,1000.0,0.0,1383.932290779799,-0.0001334954039755587
2023-09-11,0.0,1000.0,0.0,1393.763247270994,-0.007103639792706663
2023-09-12,0.0,1000.0,0.0,1384.1535165983541,0.00689480849165448
2023-09-13,0.0,1000.0,0.0,1390.3591937233577,-0.004483373448527874
2023-09-14,0.0,1000.0,0.0,1399.271631021338,-0.0064101689248464815
2023-09-15,0.0,1000.0,0.0,1380.9580969397741,0.013087904932508927
2023-09-18,0.0,1000.0,0.0,1387.8128821630864,-0.004963789443359956
2023-09-19,0.0,1000.0,0.0,1385.0818031826311,0.0019679014480674965
2023-09-20,0.0,1000.0,0.0,1370.5681307456093,0.010478566972486725
2023-09-21,0.0,1000.0,0.0,1355.1683756131863,0.011236037659831843
2023-09-22,0.0,1000.0,0.0,1355.4307930105615,-0.0001936419135050261
2023-09-25,0.0,1000.0,0.0,1360.2041041243208,-0.0035216192065085183
2023-09-26,0.0,1000.0,0.0,1342.8399261970314,0.01276586203102812
2023-09-27,0.0,1000.0,0.0,1342.1872011565945,0.0004860780705898278
2023-09-28,0.0,1000.0,0.0,1352.599601296286,-0.007757785300529487
2023-09-29,0.0,1000.0,0.0,1346.077781095168,0.004821693126974103
2023-10-02,0.0,1000.0,0.0,1360.6895640736018,-0.010855080726869824
2023-10-03,0.0,1000.0,0.0,1344.3240326271941,0.012027380732907907
2023-10-04,0.0,1000.0,0.0,1356.8842950618134,-0.009343180758342255
2023-10-05,0.0,1000.0,0.0,1360.843444163443,-0.0029178236611908256
2023-10-06,0.0,1000.0,0.0,1382.2188072809743,-0.015707437331757997
2023-10-09,0.0,1000.0,0.0,1385.5411225488674,-0.0024036102318914458
2023-10-10,0.0,1000.0,0.0,1390.2260105685805,-0.0033812695584918384
2023-10-11,0.0,1000.0,0.0,1397.3253044778546,-0.005106575373575839
2023-10-12,0.0,1000.0,0.0,1395.2886699894698,0.0014575235142870332
2023-10-13,0.0,1000.0,0.0,1390.2142327413578,0.0036368368476396625
2023-10-16,0.0,1000.0,0.0,1401.883920424865,-0.008394165020520332
2023-10-17,0.0,1000.0,0.0,1395.2695347746405,0.00471821208151107
2023-10-18,0.0,1000.0,0.0,1379.562875894407,0.01125707864235023
2023-10-19,0.0,1000.0,0.0,1371.2034568761278,0.006059469390156961
2023-10-20,0.0,1000.0,0.0,1357.4446554120095,0.010034106459637709
2023-10-23,0.0,1000.0,0.0,1360.8592485463487,-0.0025154566123381365
2023-10-24,0.0,1000.0,0.0,1370.0206377766174,-0.006732062290831827
2023-10-25,0.0,1000.0,0.0,1350.5535840364967,0.014209314227348774
2023-10-26,0.0,1000.0,0.0,1323.613893560664,0.019947146706549714
2023-10-27,0.0,1000.0,0.0,1317.5511149035092,0.004580473721717448
2023-10-30,0.0,1000.0,0.0,1337.3945492220705,-0.015060845908824193
2023-10-31,0.0,1000.0,0.0,1342.2271048106861,-0.0036134105611740452
2023-11-01,0.0,1000.0,0.0,1360.671271637368,-0.013741465032687613
2023-11-02,0.0,1000.0,0.0,1378.9717546865024,-0.013449599054966758
2023-11-03,0.0,1000.0,0.0,1388.6267410375394,-0.007001583838265061
2023-11-06,0.0,1000.0,0.0,1398.3313660343372,-0.006988649080419437
2023-11-07,0.0,1000.0,0.0,1405.1242446423387,-0.004857846125032544
2023-11-08,0.0,1000.0,0.0,1408.8314415246457,-0.0026383409840390944
2023-11-09,0.0,1000.0,0.0,1403.162956534227,0.004023536686748092
2023-11-10,0.0,1000.0,0.0,1425.5280733023162,-0.015939072980753647
2023-11-13,0.0,1000.0,0.0,1424.3620126199753,0.00081798507106194
2023-11-14,0.0,1000.0,0.0,1439.8494362184401,-0.010873235498591639
2023-11-15,0.0,1000.0,0.0,1439.544730397711,0.00021162339135238906
2023-11-16,0.0,1000.0,0.0,1452.0434694539128,-0.008682424930796668
2023-11-17,0.0,1000.0,0.0,1447.3282706764726,0.003247284862080389
2023-11-20,0.0,1000.0,0.0,1457.814921470664,-0.007245523359597272
2023-11-21,0.0,1000.0,0.0,1456.2644289170755,0.0010635729753846795
2023-11-22,0.0,1000.0,0.0,1462.0245443915442,-0.003955404911422817
2023-11-24,0.0,1000.0,0.0,1458.5663264610555,0.002365362430989716
2023-11-27,0.0,1000.0,0.0,1455.8345057170268,0.0018729492752359578
2023-11-28,0.0,1000.0,0.0,1459.2859677811866,-0.0023707791308737913
2023-11-29,0.0,1000.0,0.0,1452.6290628552274,0.004561754908176735
2023-11-30,0.0,1000.0,0.0,1456.9238528094056,-0.00295656342283043
2023-12-01,0.0,1000.0,0.0,1457.0202457829491,-6.616198462096953e-05
2023-12-04,-0.0036434289136313414,996.3565710863686,-0.0036434289136313964,1445.160053403598,0.004496603741150159
2023-12-05,0.006061508618326217,1002.3959950289345,0.0,1448.8842244575053,0.003484513049471313
2023-12-06,-0.008962048247701304,993.4124737581826,-0.008962048247701344,1438.5327081325631,-0.0018175737961156398
2023-12-07,0.019617640074506282,1012.9008821138955,0.0,1455.211812352784,0.008023114537528464
2023-12-08,0.012778447121717162,1025.8441824755287,0.0,1460.8623813329982,0.008895459825813877
2023-12-11,-0.012852540984627847,1012.6594780764199,-0.012852540984627863,1452.0943872086941,-0.006850610730045317
2023-12-12,0.020526082929610556,1033.4454105028726,0.0,1463.9746138857004,0.01234464046853
2023-12-13,0.007090965953525652,1040.7735367235757,0.0,1475.2101935806256,-0.00058374342213997
2023-12-14,-0.004322965210084351,1036.2743089327432,-0.004322965210084377,1466.5407443401464,0.001553790033476484
2023-12-15,0.004662559621976925,1041.105999682865,0.0,1467.7957420898242,0.0038068058663985782
2023-12-18,0.018450559313666348,1060.3149876818277,0.0,1480.5516607380548,0.009760032231152243
2023-12-19,0.0044450908854274385,1065.0281841692542,0.0,1487.007931082715,8.43714888197197e-05
2023-12-20,-0.014715462653602907,1049.355801700077,-0.014715462653602867,1469.9559897391973,-0.003248179267224498
2023-12-21,0.01387966718087874,1063.9205109819984,-0.0010400411967687513,1483.2062112289634,0.004865641194891938
2023-12-22,-0.0031344449760819515,1060.5857106814003,-0.004171226220946594,1484.3727570646515,-0.003920947774449695
2023-12-26,0.00538121214732179,1066.292947390995,0.0,1488.7172278672026,0.0024544063420587348
2023-12-27,0.0036094482829167607,1070.1416766390419,0.0,1490.9455980426133,0.0021126091695525817
2023-12-28,0.0029759331276917322,1073.3263467058755,0.0,1494.0052154658017,0.0009238009592172913
2023-12-29,-0.004325805294640439,1068.6833459124182,-0.0043258052946403905,1492.089091382114,-0.003043263531163394
2024-01-02,-0.01849651449648082,1048.9164289126015,-0.022742307470779932,1485.442316649553,-0.014041837647121715
2024-01-03,-0.007250161274352074,1041.3116156396677,-0.02982758334821796,1481.2217601983898,-0.004408882011026213
2024-01-04,-0.0011122827555812842,1040.1533826864052,-0.030906689397200406,1480.118498168037,-0.00036745030712650247
2024-01-05,0.004887077253351801,1045.2366926229288,-0.02617065552257811,1482.0339456008005,0.0035929596302463466
2024-01-08,0.013744822260078449,1059.603285182743,-0.01278554427108733,1506.635970749231,-0.002855354288817981
2024-01-09,0.0012893399174580544,1060.969473994999,-0.011512689266224405,1510.9053595509367,-0.0015443829489769027
2024-01-10,0.01670991973542968,1078.6981887471964,0.0,1525.984977360557,0.0067294019523024984
2024-01-11,-0.002538969583373407,1075.9594068563272,-0.002538969583373462,1526.435834282569,-0.0028344226374342144
2024-01-12,0.0037795624121943483,1080.0260625875283,0.0,1525.7804219839556,0.004208936699598542
2024-01-16,-0.009110395772018887,1070.1865977132607,-0.009110395772018871,1522.4061345717716,-0.006898880036486946
2024-01-17,-0.0031309723435634096,1066.8358730733682,-0.01221284371838114,1520.7698857165985,-0.002056194189419047
2024-01-18,0.012966661852548134,1080.6691730916787,0.0,1533.344013088296,0.004698397541296124
2024-01-19,0.01903601027799362,1101.2408025777627,0.0,1550.5560911281573,0.007810820175222914
2024-01-22,-0.002833537078742787,1098.1203959310342,-0.002833537078742734,1554.7977314037732,-0.005569097759124256
2024-01-23,0.003691483144425245,1102.1740888631632,0.0,1563.1379667435444,-0.001672710005149963
2024-01-24,0.011677827182847267,1115.0450873983193,0.0,1569.63979060527,0.007518358217179984
2024-01-25,0.013716288072488592,1130.3393670308878,0.0,1576.3880409962292,0.00941705303057051
2024-01-26,0.0004696238723245205,1130.8702013814736,0.0,1574.1401436938959,0.00189560354476132
2024-01-29,0.010089705461666432,1142.280348628788,0.0,1587.6156878104948,0.0015291308707809925
2024-01-30,0.0006252022017381176,1142.9945048177528,0.0,1587.996757782602,0.0003851756165683673
2024-01-31,-0.03730113356838638,1100.3595141256142,-0.0373011335683864,1560.2187643368875,-0.0198086586564714
2024-02-01,0.0057348236242869,1106.6698818624307,-0.03178022536610011,1573.936328670821,-0.0030572539019461213
2024-02-02,0.08587826238192586,1201.7087683471873,0.0,1613.928068096829,0.06046952208060709
2024-02-05,-0.006402937592060343,1194.0143020996286,-0.0064029375920603045,1612.634607847903,-0.005601501472016152
2024-02-06,-0.008408727898003732,1183.974160726948,-0.01475782493010453,1617.0555120754143,-0.011150145083271137
2024-02-07,0.027427634046229388,1216.4477707275582,0.0,1636.0467316269146,0.01568331271051586
2024-02-08,-0.0012802517524670431,1214.8904113372996,-0.0012802517524670768,1630.6227082791117,0.0020350712410327283
2024-02-09,0.01278333134804499,1230.420758016987,0.0,1641.2453153469112,0.0062688832087756
2024-02-12,-0.003164388115596828,1226.5272291931344,-0.0031643881155968717,1637.4851648227495,-0.0008733530771408301
2024-02-13,-0.015169670081206066,1207.9212157806587,-0.018286055473080473,1621.8858068399916,-0.0056432582895935765
2024-02-14,0.020595003041819826,1232.79835689394,0.0,1633.4860859653634,0.013442662799091393
2024-02-15,0.002299684771291277,1235.633404501362,0.0,1640.4623288483008,-0.0019710849297037095
2024-02-16,-0.011266798706073944,1221.7117716583443,-0.01126679870607398,1629.1949802858562,-0.004398400472049868
2024-02-20,-0.013943916249273824,1204.6763250335885,-0.025053611657792865,1621.8049499598462,-0.009407915085856568
2024-02-21,-0.011090557455180283,1191.315793035908,-0.03586631059342265,1623.0643059891613,-0.011867072552970865
2024-02-22,0.06534399739337848,1269.161129110737,0.0,1671.321512829114,0.03561183788381257
2024-02-23,-0.0017765884418298183,1266.9063521179392,-0.0017765884418298168,1671.8223505153317,-0.0020762541149950435
2024-02-26,-0.0031156525973128346,1262.9591120514108,-0.004886705806749493,1659.6315599111892,0.00417626487249761
2024-02-27,0.002983707784266487,1266.7274129852487,-0.0019175785246381201,1658.915632638426,0.0034150850188627746
2024-02-28,-0.0059868786357599735,1259.143669699116,-0.007892976850496523,1651.0354558937393,-0.0012366812238797957
2024-02-29,0.014893732320969244,1277.8970184692575,0.0,1657.3720941345944,0.011055754027871189
2024-03-01,0.02251852560834644,1306.673375204487,0.0,1665.9087421958811,0.017367812565996003
2024-03-04,0.006376949014893496,1315.0059646972848,0.0,1657.6178136072165,0.011353769400466507
2024-03-05,-0.013130086716540257,1297.7398223480418,-0.013130086716540205,1643.536444949644,-0.004635143828028846
2024-03-06,0.013746220356087413,1315.5788399109078,0.0,1649.1321505560725,0.01034154647518657
2024-03-07,0.03164079657205421,1357.204802359028,0.0,1668.1481216843304,0.020109900687303048
2024-03-08,-0.02388959116522338,1324.781734503193,-0.023889591165223333,1659.527878445306,-0.018722038519886075
2024-03-11,-0.02491081969676856,1291.7803355774117,-0.0482053015638455,1660.4439727857846,-0.025462840757925317
2024-03-12,0.04262469533238744,1346.8420788177682,-0.007635342524022774,1688.1413205110314,0.025944007408435308
2024-03-13,-0.006792883904624625,1337.6931369384959,-0.014376360433309636,1684.6932824280584,-0.004750378315146504
2024-03-14,-0.0052836540157631395,1330.625229223652,-0.019584054734537237,1683.0230432107337,-0.004292233657680278
2024-03-15,-0.013006492828885108,1313.318461721821,-0.03233582769595708,1672.9177758187705,-0.007002256919740788
2024-03-18,0.013079444760155434,1330.495937994404,-0.019679317607924792,1687.5102633551755,0.004356668454390594
2024-03-19,0.005627441556116608,1337.9832261261179,-0.0141626202615111,1696.8465130157115,9.488281364513403e-05
2024-03-20,0.013363083523678432,1355.8628077301219,-0.0009887930153014192,1711.3507647465376,0.004815314695106836
2024-03-21,0.008262043722871981,1367.0650055298042,0.0,1710.1651662877368,0.008954828909417971
2024-03-22,0.010273592124087072,1381.1096738037302,0.0,1712.2809802233237,0.00903639353222267
2024-03-25,-0.006894531194632236,1371.587570074482,-0.006894531194632187,1701.5665552837554,-0.0006371324012572795
2024-03-26,-0.01428683338140846,1351.991926992817,-0.021082863557619996,1697.5871689775836,-0.011948172990009326
2024-03-27,-0.009378375971435648,1339.3124383911327,-0.030263516508057794,1704.3140013737168,-0.01334096034946479
2024-03-28,-0.006662416814003036,1330.3893806823921,-0.036724305160826726,1701.057637496268,-0.00475175723201052
2024-04-01,0.007442407092203451,1340.2906800445749,-0.029555215297808503,1702.3690436259546,0.006671471351532848
2024-04-02,-0.0006340909424155106,1339.4408138641547,-0.030170565545902486,1688.5653515093018,0.007474428281625286
2024-04-03,0.004984927296952657,1346.1178289398385,-0.025336036324704166,1683.2070586994373,0.008158208570949621
2024-04-04,-0.008787495556480063,1334.288824499531,-0.03390089157456211,1663.7567193637155,0.0027680283080351205
2024-04-05,0.025635400429800725,1368.4938528045845,-0.009134554075202621,1683.0937956433183,0.014012862077560211
2024-04-08,-0.009738056857145794,1355.167381857319,-0.018783658125399408,1680.6803359181424,-0.008304114357076432
2024-04-09,-0.006454208659117611,1346.4208488067818,-0.02511663313559413,1681.4506672120924,-0.0069125535790212685
2024-04-10,0.005658465837850457,1354.0395251831246,-0.019600288908303235,1673.28235558224,0.010516361337928326
2024-04-11,0.017805173289139997,1378.1484335693551,-0.002144102159692697,1688.1385546784836,0.008926696176964753
2024-04-12,-0.02079222939133918,1349.4936552032664,-0.022891750887089047,1663.6880067062195,-0.00630849646284113
2024-04-15,-0.0223771341804464,1319.2958546051218,-0.04475663328630971,1645.4986843937415,-0.011444001141584554
2024-04-16,0.005122169865928727,1326.0535120758248,-0.0398637144987006,1648.0089029165179,0.0035966636187443335
2024-04-17,-0.017865549160613337,1302.3628378662302,-0.05701707650821273,1643.1535558627213,-0.014919359340155456
2024-04-18,0.0025799713604672814,1305.722896688862,-0.054584207572194184,1649.1902603428764,-0.0010938815540191774
2024-04-19,-0.0495743366490341,1240.9925502380563,-0.1014525683393236,1629.4470016514397,-0.03760285029831324
2024-04-22,0.01397757284131318,1258.3386140045357,-0.08889305616191169,1645.8186711502592,0.003930195122230059
2024-04-23,0.02751068332615625,1292.9563691314888,-0.06382788155371999,1665.7742839855532,0.015385645990574874
2024-04-24,-0.010464012644241016,1279.426857336445,-0.07362399843832776,1664.7542463195755,-0.009851662174081864
2024-04-25,-0.04020309994027371,1227.9899315246776,-0.11086718541138284,1648.4564097251964,-0.03041316450060727
2024-04-26,0.02607765554718089,1260.0130299743844,-0.0876806861368454,1675.6559611114847,0.00957764303497708
2024-04-29,-0.012011357663018418,1244.8785628112985,-0.09863887971853533,1667.1441486538959,-0.006931667884728351
2024-04-30,-0.017206625379188045,1223.4584037384225,-0.11414826284658372,1645.3152763518706,-0.0041130531649014035
2024-05-01,1.008536108626501e-06,1223.4596376404002,-0.11414736943311983,1650.8932475520471,-0.003389205655875628
2024-05-02,0.014319371950675341,1240.9788112584115,-0.1014625161225485,1667.0079140959683,0.004558191712149157
2024-05-03,0.01678314554122773,1261.8063392613412,-0.08638223075638464,1689.9961008144562,0.0029930570094918885
2024-05-06,0.02570875756226698,1294.2458125279427,-0.06289425302232134,1707.501893896824,0.015350276217883247
2024-05-07,-0.0037967409035126742,1289.3318965123178,-0.0664522007427883,1713.1900564517355,-0.0071280183534779525
2024-05-08,0.009259269720887309,1301.2701683018686,-0.05780822987212499,1717.3283261976019,0.006843735186185862
2024-05-09,-0.0005295087112229258,1300.5811344120982,-0.05830712862205025,1724.3417834202382,-0.004613443690718074
2024-05-10,0.006518672707007234,1309.0591971562387,-0.052168541003015635,1730.0800873275734,0.003190849903831046
2024-05-13,-0.004852823655271621,1302.706563718128,-0.056768199928446776,1730.487827580344,-0.005088500752393906
2024-05-14,0.010753601245614641,1316.7153506443979,-0.046625061268293896,1739.3246381743006,0.005647058192773376
2024-05-15,0.01977592972973974,1342.754620892811,-0.027771185473840748,1762.4211985566737,0.006496890339705715
2024-05-16,-0.006850729523648069,1333.5557721684459,-0.034431662117256456,1763.2094833082554,-0.0072980032810378926
2024-05-17,-0.0037746046228616104,1328.522126385975,-0.03807630082911745,1764.440376773057,-0.004472702878601676
2024-05-20,-0.008895982048546802,1316.7036173985482,-0.04663355678901336,1757.1218660845266,-0.004748201945081228
2024-05-21,0.0048343047311405485,1323.068963925648,-0.0420246928820878,1765.070933131783,0.0003103913926935202
2024-05-22,-0.0008479988100194014,1321.9470030186653,-0.042837054802551816,1763.001440446908,0.0003244711717978717
2024-05-23,0.026177721883220872,1356.5525640080452,-0.017780709426248473,1759.3438814193444,0.028252342438628043
2024-05-24,0.024154177851347658,1389.3189759037973,0.0,1771.4302903555404,0.017284339007536523
2024-05-28,0.02341113601075162,1421.8445114109993,0.0,1775.2691992404311,0.021244012130240256
2024-05-29,-0.0032051790464971974,1417.2872451756477,-0.003205179046497185,1763.1049065686288,0.003646904387951385
2024-05-30,-0.01729164738915523,1392.7800138829232,-0.020441403609761318,1748.7887400402446,-0.009171786526056274
2024-05-31,0.0019087934976842469,1395.4385433171274,-0.018571628530371004,1761.5270369218929,-0.00537527494923124
2024-06-03,0.024023261039193056,1428.961527707386,0.0,1774.7192686756277,0.01653417260783575
2024-06-04,0.001602704215992512,1431.2517303723337,0.0,1782.6651369312026,-0.0028745493957883003
2024-06-05,0.03220494002792851,1477.3451065138436,0.0,1800.9499479710778,0.02194793176481078
2024-06-06,-0.003196241508425568,1472.6231547621346,-0.0031962415084255806,1802.580648831537,-0.004101708571681007
2024-06-07,-0.004511334909310882,1465.9796585157967,-0.007693157101840899,1800.8289635705173,-0.0035395696447968273
2024-06-10,0.010532839686076878,1481.4205872419932,0.0,1804.0587798177407,0.00873932330414363
2024-06-11,0.0033395705588930014,1486.3678958204846,0.0,1815.7101691730406,-0.0031188605552400824
2024-06-12,0.015711157811640897,1509.720456397877,0.0,1822.5251155953488,0.01195783498621886
2024-06-13,0.005684198599120505,1518.3020073011974,0.0,1830.882070029765,0.0010988272575101843
2024-06-14,0.009236694799321654,1532.326099555836,0.0,1834.6813753439246,0.007161571897442043
2024-06-17,-0.0002457121091848924,1531.949588477955,-0.0002457121091848622,1841.4589239348527,-0.003939840518624696
2024-06-18,0.005244291678355717,1539.9835789564704,0.0,1841.939799383168,0.00498315338085425
2024-06-20,-0.010587174488358442,1523.6795040968516,-0.01058717448835841,1839.7626798826782,-0.009405203448252322
2024-06-21,-0.012005481253020367,1505.3869983748054,-0.02246555161653635,1832.3118628858867,-0.007955601842885494
2024-06-24,-0.022877239797577165,1470.9478990248301,-0.04482884160259716,1827.3832911992947,-0.02018742929838107
2024-06-25,0.04024648173598311,1530.1483767775155,-0.0063865630214183546,1841.6296503076317,0.03245043852110447
2024-06-26,0.0024054699483726516,1533.829102714405,-0.003996455758467098,1846.26067765873,-0.00010916558126525993
2024-06-27,-0.0002806809844952962,1533.3985860518076,-0.0042760150138256596,1843.766448251506,0.0010702817681679951
2024-06-28,-0.016790745471654267,1507.6516806868171,-0.020994963005749795,1836.2713209066892,-0.012725627922777719
2024-07-01,0.0038774391909608408,1513.4975083998302,-0.017198930507160235,1843.5016771665826,-6.008146711010756e-05
2024-07-02,0.0020085172571386867,1516.5373942640877,-0.015224957598749495,1857.6468793742915,-0.00566449024966747
2024-07-03,0.017748918122677315,1543.4542923048593,0.0,1865.4038837339613,0.01357320289617398
2024-07-05,0.020526161167706558,1575.1354838636973,0.0,1883.022015234297,0.011081487199798996
2024-07-08,-0.002666058329072296,1570.9360807875253,-0.00266605832907226,1880.777665933827,-0.0014741714141492139
2024-07-09,0.00942853169975022,1585.747701423512,0.0,1886.9118692821996,0.006167006714909945
2024-07-10,0.01630246094168286,1611.5992913893322,0.0,1908.058194762057,0.005095617726529616
2024-07-11,-0.04330267789925524,1541.812726371632,-0.04330267789925524,1875.959772311909,-0.026480118431067335
2024-07-12,-0.004842806187067006,1534.3460261610608,-0.04793577760987515,1879.9735956175111,-0.006982416729277928
2024-07-15,-0.001958570370091506,1531.340901496754,-0.049800462386272705,1887.2967374637174,-0.005853913295799228
2024-07-16,-0.014427554612098215,1509.2473970106698,-0.06350951810758525,1898.6469653084248,-0.020441567999288687
2024-07-17,-0.048626830409931876,1435.8574797896008,-0.1090480819510831,1887.0599582322154,-0.04252405970641295
2024-07-18,0.01435922843837667,1456.4752853468515,-0.09625469983220887,1874.8564203458411,0.020826186646639752
2024-07-19,-0.009068727069520999,1443.2669085005382,-0.10445051929979288,1864.9353873912232,-0.003777104283394405
2024-07-22,0.031595385596960845,1488.8674829939462,-0.07615528813591188,1883.9459384407055,0.02140170747920294
2024-07-23,-0.0017538316508858287,1486.2562600782967,-0.0777755562320826,1877.7085027852431,0.0015570041476323892
2024-07-24,-0.05887623348927162,1398.7510894850352,-0.1320726579128762,1832.1317262464784,-0.03460368188120262
2024-07-25,-0.021145938387650998,1369.173185127125,-0.1504257960136082,1817.7659528802355,-0.01330492283159469
2024-07-26,0.01149299923706093,1384.9090914991953,-0.140661640335366,1840.7779909536082,-0.0011665172628000167
2024-07-29,-0.0004622903456038552,1384.2688613966561,-0.14105890416264602,1840.085376446395,-8.602850924058469e-05
2024-07-30,-0.026007787177205755,1348.267091453419,-0.16339806138093982,1828.2863216775588,-0.01959555494066547
2024-07-31,0.055295611529054156,1422.820344779835,-0.11713764557860658,1853.5522160249095,0.04147617086061026
2024-08-01,-0.008912145817830508,1410.1399623945813,-0.1250058436182832,1847.5766895846687,-0.005688321644667442
2024-08-02,-0.020101383274640616,1381.7941985396005,-0.1425944365187829,1838.1475509880047,-0.014997866516814715
2024-08-05,-0.04404079211993517,1320.9388874891856,-0.18035525670253502,1777.0023197210494,-0.010776198516396794
2024-08-06,0.025752578618310373,1354.9564700392343,-0.15924729101168222,1793.056093412236,0.016718390247804145
2024-08-07,-0.020500469850438074,1327.179225776539,-0.17648311657397142,1784.2360285444495,-0.015581457611952208
2024-08-08,0.04224318046615516,1383.2434973219492,-0.1416951442504801,1819.6395540112112,0.02240078018930197
2024-08-09,0.008242372740712156,1394.644705818043,-0.13462067570422945,1827.2532482997378,0.004058195565763993
2024-08-12,0.010000156900259016,1408.591371696339,-0.12596674668303162,1831.3823354294022,0.007740433387108109
2024-08-13,0.03508590330836481,1458.0130723646737,-0.09530050046885688,1859.913945744028,0.01950662760898652
2024-08-14,-0.0014168430969452306,1455.9472966078379,-0.09658231770957741,1866.0542653774062,-0.004718242953335611
2024-08-15,0.023792977178151098,1490.588617408619,-0.07508732141250317,1888.6942151427886,0.011660452317839258
2024-08-16,0.0007830987863282068,1491.7558955458262,-0.07436302341644183,1892.114260429315,-0.001027700049770294
2024-08-19,0.023369654934976447,1526.617716071949,-0.052731206678629176,1908.6350527207592,0.014638262419761456
2024-08-20,-0.00902430515413033,1512.8410519484141,-0.061279649332546086,1909.6598701171158,-0.009561242477426391
2024-08-21,0.007487120815422577,1524.1678756788829,-0.05425133665520303,1913.5240552957264,0.0054636268733449355
2024-08-22,-0.019332316769323454,1494.702179496632,-0.07253484939914884,1900.2084910212982,-0.012373656261462626
2024-08-23,0.016925362920681142,1520.0005563429454,-0.056837165128945336,1916.4841809651793,0.008360150197558506
2024-08-26,-0.012478987141759768,1501.032488944874,-0.06860688201788691,1913.0231026310917,-0.010673035196805807
2024-08-27,0.0017591701294887852,1503.6730604628183,-0.06696840306592126,1913.9843558180542,0.0012566915208195206
2024-08-28,-0.012464427001129041,1484.9306373671152,-0.07859810729565293,1905.1643766261016,-0.007856249737222825
2024-08-29,-0.024810113572262038,1448.0893396071056,-0.10145819289934502,1903.286273414715,-0.023824317682716575
2024-08-30,0.010320614010855378,1463.0345107344249,-0.09218468973564274,1917.5518896846756,0.0028253588465512484
2024-09-03,-0.05122108118951996,1388.0963012770274,-0.1386839714477826,1884.561779866177,-0.034016795873452875
2024-09-04,-0.009419507926445636,1375.0211171644785,-0.1467971446059049,1882.5850006384276,-0.008370574827584914
2024-09-05,-0.000704352298723232,1374.0526178798107,-0.147398099998379,1879.2206571263055,0.0010827348771445583
2024-09-06,-0.0156950842913145,1352.4867462214856,-0.16077975868583935,1849.3042974630769,0.00022447233434352842
2024-09-09,0.010577972446213613,1366.7933137568857,-0.15190251009691336,1867.0906815800076,0.000960093905980508
2024-09-10,0.006960981593188809,1376.3075368556408,-0.14599891908046841,1868.197480892109,0.006368188043833756
2024-09-11,0.027052897420167366,1413.5406434687998,-0.12289571544164023,1886.2311223655358,0.017399934252261114
2024-09-12,0.006479876600316015,1422.7002124080088,-0.11721218791209362,1900.566386655168,-0.0011200744977520475
2024-09-13,0.002695582877510594,1426.5352187404064,-0.11483256020135449,1907.9813127043944,-0.0012058467706673737
2024-09-16,-0.018556694775556437,1400.0634400996591,-0.13125834220695864,1911.939148937916,-0.020631052740787963
2024-09-17,-0.009290102445043358,1387.0567073115735,-0.13932904120613276,1911.7880191486968,-0.00921105715257003
2024-09-18,-0.00014999496980483418,1386.8486557826427,-0.13945813752060898,1905.0410188042126,0.003379162173615608
2024-09-19,0.024077012546482868,1420.2398282679942,-0.118738860300919,1929.484164951823,0.011246240974460132
2024-09-20,-0.007932473166691878,1408.9738139399913,-0.12572944064443026,1927.8844062808703,-0.007103361065119995
2024-09-23,-0.0024506507655254195,1405.520911184254,-0.12787197245999135,1926.4944492045645,-0.0017296754457514318
2024-09-24,0.016891469301563822,1429.2622245082287,-0.11314044865576595,1923.067898164409,0.01867011498703173
2024-09-25,0.007488614285349637,1439.9654180201915,-0.10649909955047081,1921.447788402077,0.008331075315393404
2024-09-26,0.0024084692898813653,1443.4335305079844,-0.10434713007125669,1927.0124449220743,-0.000487605510373816
2024-09-27,-0.004053415415545825,1437.5826947841076,-0.10797758322120371,1928.412141146192,-0.00477977098621492
2024-09-30,0.008743518168639497,1450.152225194874,-0.10017816901326468,1939.0929788445653,0.0032048485707470483
2024-10-01,-0.023596006625493215,1415.9344236812021,-0.1214103708989911,1922.2977678879918,-0.014934631879770026
2024-10-02,0.011529054505683867,1432.2588088282969,-0.11128106317695692,1922.3211481272854,0.011516891853422528
2024-10-03,0.01120132798954021,1448.302009511891,-0.10132623087508649,1925.5679834978587,0.009512309807673773
2024-10-04,0.00709397455649019,1458.5762271174817,-0.09495106202232931,1939.828627548362,-0.0003119670527997184
2024-10-07,-0.0023189729623614985,1455.193828283253,-0.09704984603911355,1920.0191862193983,0.007892981355479334
2024-10-08,0.020328639297497952,1484.7759387263684,-0.07869409805562246,1939.3374226809674,0.010267158349691718
2024-10-09,0.009253327614108242,1498.5150569209486,-0.07016895271211963,1949.5853970529581,0.003969061837488605
2024-10-10,0.009118926276065586,1512.1799052485849,-0.061689891942704654,1950.6403647560319,0.008577802145433215
2024-10-11,-0.0017825756673550686,1509.4843301448254,-0.0633625007097609,1965.377673703818,-0.009337688959409382
2024-10-14,0.018301910622346096,1537.110777440968,-0.04622024491221324,1982.3617436230309,0.009660278967293197
2024-10-15,-0.040164727291584046,1475.3731422480967,-0.08452854867154805,1962.7352777126018,-0.03026418014192043
2024-10-16,0.017587212802639085,1501.3208436641123,-0.06842795744229367,1973.25282681704,0.012228594539714133
2024-10-17,0.0013622365415100202,1503.365997777882,-0.06715893596487253,1973.8864714696688,0.001041119731734092
2024-10-18,0.008730748788823517,1516.4915086421397,-0.059014534974883036,1980.9028098705214,0.005176168268481461
2024-10-21,0.019688016838550926,1546.3482189998056,-0.04048839729463691,1981.7977972823237,0.019236209002577002
2024-10-22,-0.0019344449679907783,1543.3568934687999,-0.04234451968621909,1988.115173561066,-0.005122144685593325
2024-10-23,-0.02075312851051936,1511.3274095210459,-0.06221886693797416,1967.6360452437716,-0.010452352886633931
2024-10-24,0.00031630422540751546,1511.8054487666516,-0.06192224280307918,1967.6354262240818,0.00031661882611390033
2024-10-25,0.006340066077596074,1521.390395208302,-0.055974767836527585,1969.238298793855,0.005525447399557253
2024-10-28,-8.898154728276264e-05,1521.2550195369151,-0.05605876866235947,1978.7910067425935,-0.00493994750431774
2024-10-29,0.0009187154931100672,1522.6526200923352,-0.055191555228544194,1981.913092015717,-0.0006590586439692318
2024-10-30,-0.009782787920325609,1507.7568324336437,-0.06443441586907603,1987.322827328232,-0.012512340156651409
2024-10-31,-0.0241678426554367,1471.3176025447278,-0.08704501770019388,1946.5488839911714,-0.0036508220806379596
2024-11-01,0.005625566755627753,1479.5945979365733,-0.0819091285023834,1952.7996844892568,0.002414344808163059
2024-11-04,0.00019729893867892478,1479.8865203804212,-0.08172799014782617,1940.5559754925962,0.006467122256405929
2024-11-05,0.016087923263043535,1503.694821158314,-0.0669549005187236,1960.3737091014038,0.005875523384304214
2024-11-06,0.01579814643146893,1527.4504121312145,-0.052214517409953885,2015.1273305835007,-0.012132049340843765
2024-11-07,0.02558317233723062,1566.5274392613414,-0.02796715807012738,2032.7221702284203,0.016851793740015712
2024-11-08,-0.005377414385714263,1558.1035720738414,-0.03319418145770778,2035.3617209468307,-0.00667594438507642
2024-11-11,-0.013282622620627738,1537.4078703221326,-0.04603589829283211,2032.6037843840745,-0.011927612091357651
2024-11-12,0.009636098284823369,1552.2224836644177,-0.03684340644858854,2033.3012740950985,0.009292947437431233
2024-11-13,-0.007084266490645863,1541.2261259373668,-0.04366666442952944,2028.1617796587805,-0.004556606422855249
2024-11-14,0.0039445526711003875,1547.3055735692028,-0.039894357216242536,2021.4054955756908,0.007275787955608338
2024-11-15,-0.029373230391270155,1501.8562104710581,-0.0680957614616884,2003.2130613048764,-0.020373336846589152
2024-11-18,-0.0013413362458384315,1499.8417162999158,-0.06934575839449028,2010.1528918755841,-0.0048056859472062965
2024-11-19,0.024219284906387584,1536.1668101414687,-0.04680597816770846,2018.3831705467665,0.02012493034040077
2024-11-20,-0.00011983166130369316,1535.9827287205699,-0.04692020099088934,2019.2371214354318,-0.0005429182690036359
2024-11-21,0.0004392683228222616,1536.6574372776988,-0.04650154322606289,2018.6394146051089,0.0007352745837899183
2024-11-22,-0.013987458934484942,1515.1635044774061,-0.05983856373428309,2015.9737996337105,-0.012666958129778512
2024-11-25,-0.010579841562950665,1499.13331465807,-0.06978532277357055,2027.0206537546192,-0.01605950311555412
2024-11-26,0.00987668789561269,1513.939786520863,-0.06059788273068711,2039.1022985455272,0.00391639105871107
2024-11-27,-0.007040697081660774,1503.2805950840955,-0.06721192847625107,2036.022964510249,-0.005530555075801196
2024-11-29,0.01440458329935912,1524.9347256382946,-0.0537755049993386,2044.7653819935144,0.010110713517115032
2024-12-02,0.01336510883806552,1545.315644217396,-0.04112911163841111,2057.502354066491,0.0071360459904939895
2024-12-03,0.009687459097363016,1560.2858263132673,-0.031840089127756065,2057.0272818467733,0.009918356631345852
2024-12-04,0.003580948286665553,1565.8731291697125,-0.028373158553699766,2067.141326951734,-0.0013358776563917292
2024-12-05,-0.019823404790212718,1534.8321922800642,-0.04763411073672561,2056.755727732557,-0.014799268760533432
2024-12-06,-0.00925583423074161,1520.626039936314,-0.056449051534759355,2051.290164361802,-0.006598463062615335
2024-12-09,0.006095908878890999,1529.8956377146346,-0.050697250930324136,2043.8075936874206,0.009743647655383885
2024-12-10,0.006769687041086492,1540.252552387486,-0.04427076841187943,2054.4063304410165,0.0015839069381396505
2024-12-11,-0.012627270612775798,1520.8033665964706,-0.05633902005168292,2063.345624473448,-0.016978549081876147
2024-12-12,-0.009111188196935793,1506.9470409128767,-0.06493689283409686,2049.42594907563,-0.0023650205977142217
2024-12-13,-0.002419747054849153,1503.300610248814,-0.06719950903375964,2040.7092447864984,0.0018334948312815494
2024-12-16,-0.0067876608203010225,1493.0967155954936,-0.07353104237944875,2039.3549468151186,-0.006124019993054553
2024-12-17,-0.006748655434322015,1483.0203203318217,-0.07978346214502534,2034.7803633985948,-0.004505503292676365
2024-12-18,-0.010494310113702165,1467.4570451853376,-0.08944049986503282,1993.7709116418093,0.009659929869373626
2024-12-19,-0.00466195344736664,1460.6158287546734,-0.09368548586571944,1996.817423886614,-0.006189968640594653
2024-12-20,0.007272564267914561,1471.238251240025,-0.08709425531473419,2016.0466585385232,-0.002357377068675488
2024-12-23,0.012310291310531074,1489.349622699986,-0.07585611965860128,2035.2286978996012,0.0027956110426727958
2024-12-24,0.007801689121160971,1500.9690654490096,-0.06864623640095434,2052.322983514381,-0.0005975073094030298
2024-12-26,0.0017069807120735359,1503.5311906931502,-0.06705643349037362,2053.841977788959,0.000966846587581767
2024-12-27,-0.006947758676149607,1493.0850188181503,-0.07353830024894883,2033.8542489453566,0.0027841141065461095
2024-12-30,-0.010131175621159616,1477.9583122751812,-0.08292444643540475,2014.3950504533334,-0.0005635291184107535
2024-12-31,-0.006474664805151131,1468.3890276072125,-0.08886220324573398,2005.3780875062005,-0.001998401350719139
2025-01-02,-0.0023604633554493715,1464.9229491160017,-0.09101291062673728,2004.9574765220725,-0.002150721867423741
2025-01-03,0.0025470968793281923,1468.6542497881514,-0.08869763244804497,2026.111031528122,-0.008003528385175646
2025-01-06,0.008077549943064533,1480.5173778399092,-0.08133654206091114,2040.940282487798,0.0007584787130483599
2025-01-07,-0.004680462812852615,1473.5878713091474,-0.08563631221332162,2023.206479198402,0.004008573040650972
2025-01-08,-0.0028168878032177602,1469.4369396074871,-0.08821197213315309,2021.301475292948,-0.0018753111895402075
2025-01-10,-0.00697942934629614,1459.181108308659,-0.09457573225244842,1994.9031076977278,0.006080654920151156
2025-01-13,0.0011899702725222117,1460.9174904497725,-0.09349830428980861,1999.1155103206665,-0.0009216122934102163
2025-01-14,-0.000596372431176162,1460.0462395342452,-0.0940389169099446,1996.3051355741259,0.0008094366539076975
2025-01-15,0.02649498958639107,1498.7301494463545,-0.07003548744779796,2034.480788119119,0.007371834581325266
2025-01-16,0.0006073091718707957,1499.6403420122726,-0.06947071146981061,2013.3942690756976,0.010971879418275599
2025-01-17,0.009806961827023342,1514.3472576006511,-0.06034504625826792,2031.966467804498,0.0005826389936587958
2025-01-21,0.011169371599599964,1531.261564851628,-0.04984969090452154,2047.4416589248801,0.0035535022604258745
2025-01-22,0.003218109065586283,1536.189331575261,-0.046792003581151764,2065.659313056938,-0.005679655641235374
2025-01-23,0.015302626733833646,1559.6970635088544,-0.03220541741224876,2082.409168937075,0.007193905332264029
2025-01-24,0.006003078172996945,1569.060046907292,-0.026395670877571463,2078.745892042212,0.007762231441003762
2025-01-27,0.011695489493305011,1587.4109722002609,-0.01500889167568383,2062.9608324813,0.01928903886426936
2025-01-28,0.008591808112454746,1601.0497026690107,-0.00654603708048721,2094.742586097494,-0.006814084774986996
2025-01-29,0.0016963327755596946,1603.7656157549484,-0.0048608085621770795,2085.4829362760047,0.0061167564987152775
2025-01-30,0.014098650048147698,1626.3765459307297,0.0,2094.4348352658044,0.00980616755688125
2025-01-31,-0.0013219893607134825,1624.2264934404952,-0.0013219893607135209,2083.8328330667614,0.0037399977780256137
2025-02-03,0.007176999513912374,1635.8835661944013,0.0,2075.240513969925,0.011300324072625368
2025-02-04,0.003924163069800368,1642.3030400713546,0.0,2091.8040552328466,-0.004057341315556573
2025-02-05,0.007456472809874937,1654.5488280352217,0.0,2093.5973679839153,0.006599168443061773
2025-02-06,0.009364614554489892,1670.0430400713544,0.0,2102.54221398012,0.005092137843832617
2025-02-07,0.00034039598891077993,1670.611516023503,0.0,2086.5150093428256,0.007963170233692802
2025-02-10,-0.001430566005934275,1668.2215959795576,-0.0014305660059342436,2097.9817358395967,-0.006926201764808071
2025-02-11,0.005413740957342705,1677.2529155596358,0.0,2107.491481214093,0.0008809343975706022
2025-02-12,0.0038318850697174334,1683.679955964909,0.0,2104.083124462438,0.0054491427345935255
2025-02-13,0.006333987234837135,1694.3443633135419,0.0,2128.398570642791,-0.005222327198588688
2025-02-14,0.002331789917141114,1698.2952184160813,0.0,2122.0065709098944,0.005334986696664667
2025-02-18,-0.002525201479196326,1694.006680818425,-0.0025252014791963557,2114.085933872205,0.001207415161238204
2025-02-19,-0.007943301529881763,1680.55067495905,-0.010448444572305178,2122.7097684751884,-0.01202252766956292
2025-02-20,-0.02345633010594117,1641.1311235674482,-0.03365969251326476,2109.9166361537327,-0.01742953713054301
2025-02-21,-0.010311249097281983,1624.209011751042,-0.04362386813650453,2076.736302803467,0.005414648685462466
2025-02-24,-0.009639520126849321,1608.5524162920578,-0.05284287510844097,2063.287714316491,-0.0031636914581727156
2025-02-25,-0.007873595802323607,1595.8873247393233,-0.060300407471128,2054.211347798907,-0.0034746133169405247
2025-02-26,0.008148603048438785,1608.891577058659,-0.05264316850683046,2051.4037500700865,0.009515355175394409
2025-02-27,-0.0021179063512052343,1605.484095369206,-0.05464958155710749,2024.4135080384326,0.01103905606086588
2025-02-28,0.01859528302924618,1635.3385265215497,-0.037070522964345536,2058.4820160032946,0.0017664544181031396
2025-03-03,-0.012018607314874696,1615.6840349444014,-0.04864359422075471,2022.7247362850176,0.0053520956790248896
2025-03-04,-0.029397007086257698,1568.1877599199875,-0.07661062522300384,2008.3918470370659,-0.022311075426433524
2025-03-05,0.010183376518604792,1584.15720633112,-0.06720740354637064,2027.9124436179195,0.00046386057371991356
2025-03-06,-0.028625174861020564,1538.810429292546,-0.09390875472892117,2000.396278238163,-0.01505646016312858
2025-03-07,-0.005552014768906988,1530.2669310625656,-0.09893938670464351,2008.9925410020987,-0.00984929469161645
2025-03-10,-0.031117104623848424,1482.6494548662763,-0.12697778408098415,1950.3495254148775,-0.0019268441373809682
2025-03-11,-0.00588779585827881,1473.9199175466354,-0.1321179606680575,1936.9620681839324,0.0009763364710775524
2025-03-12,0.0,1473.9199175466354,-0.1321179606680575,1944.3517444526058,-0.0038150856901404003
2025-03-13,0.0,1473.9199175466354,-0.1321179606680575,1917.0303560974623,0.014051669628755955
2025-03-14,0.0,1473.9199175466354,-0.1321179606680575,1954.493327877348,-0.01954219016966924
2025-03-17,0.0,1473.9199175466354,-0.1321179606680575,1959.4573911562222,-0.0025398210411213718
2025-03-18,0.0,1473.9199175466354,-0.1321179606680575,1939.4016613669576,0.010235348765318297
2025-03-19,0.0,1473.9199175466354,-0.1321179606680575,1957.78683607712,-0.009479817964682809
2025-03-20,0.0,1473.9199175466354,-0.1321179606680575,1958.3693874799312,-0.0002975560934806998
2025-03-21,0.0,1473.9199175466354,-0.1321179606680575,1968.187241078266,-0.005013279752584598
2025-03-24,0.0,1473.9199175466354,-0.1321179606680575,1998.2167843426378,-0.015257462622265672
2025-03-25,0.0,1473.9199175466354,-0.1321179606680575,2002.3014852250624,-0.0020441730418997036
2025-03-26,0.0,1473.9199175466354,-0.1321179606680575,1981.501210553044,0.010388183210921569
2025-03-27,0.0,1473.9199175466354,-0.1321179606680575,1977.8438493969477,0.00184575267308335
2025-03-28,0.0,1473.9199175466354,-0.1321179606680575,1937.3085176469485,0.02049470779119317
2025-03-31,0.0,1473.9199175466354,-0.1321179606680575,1951.6041854488233,-0.007379138465378904
2025-04-01,0.0,1473.9199175466354,-0.1321179606680575,1948.0151819249127,0.0018390017559247337
2025-04-02,0.0,1473.9199175466354,-0.1321179606680575,1952.367248101468,-0.0022341028021429484
2025-04-03,0.0,1473.9199175466354,-0.1321179606680575,1884.1631194410074,0.03493406720830015
2025-04-04,0.0,1473.9199175466354,-0.1321179606680575,1780.9166933536792,0.05479696795994984
2025-04-07,0.0,1473.9199175466354,-0.1321179606680575,1780.9085600766155,4.5669048384806965e-06
2025-04-08,0.0,1473.9199175466354,-0.1321179606680575,1768.4781610233008,0.006979807572366431
2025-04-09,0.0,1473.9199175466354,-0.1321179606680575,1933.6567474959309,-0.093401541570099
2025-04-10,0.0,1473.9199175466354,-0.1321179606680575,1879.5827041060602,0.027964654771275146
2025-04-11,0.0,1473.9199175466354,-0.1321179606680575,1921.9827024250897,-0.0225581977459168
2025-04-14,0.0,1473.9199175466354,-0.1321179606680575,1926.730066454099,-0.002470034731852346
2025-04-15,0.0,1473.9199175466354,-0.1321179606680575,1917.5913032851186,0.0047431466026785244
2025-04-16,0.0,1473.9199175466354,-0.1321179606680575,1872.4761050923537,0.023527014393252565
2025-04-17,0.0,1473.9199175466354,-0.1321179606680575,1836.7992834024858,0.019053285429299606
2025-04-21,0.0,1473.9199175466354,-0.1321179606680575,1785.7656291475305,0.027784012502672806
2025-04-22,0.0,1473.9199175466354,-0.1321179606680575,1825.787958012275,-0.022411859771234346
2025-04-23,0.0,1473.9199175466354,-0.1321179606680575,1854.0175769507623,-0.015461608679477072
2025-04-24,0.0,1473.9199175466354,-0.1321179606680575,1876.0756318879878,-0.011897435715525201
2025-04-25,0.0,1473.9199175466354,-0.1321179606680575,1892.7005855548862,-0.008861558342489494
2025-04-28,0.0,1473.9199175466354,-0.1321179606680575,1892.2497703972783,0.00023818619862453987
2025-04-29,0.0,1473.9199175466354,-0.1321179606680575,1896.6021233841345,-0.0023000943400523447
2025-04-30,0.0,1473.9199175466354,-0.1321179606680575,1898.6557035663513,-0.0010827680497124024
2025-05-01,0.0,1473.9199175466354,-0.1321179606680575,1918.7554280196496,-0.010586292404433055
2025-05-02,0.0,1473.9199175466354,-0.1321179606680575,1942.637341156241,-0.012446564469782408
2025-05-05,0.0,1473.9199175466354,-0.1321179606680575,1935.8370949868997,0.0035005227302456325
2025-05-06,0.0,1473.9199175466354,-0.1321179606680575,1920.4854110751742,0.007930256089978176
2025-05-07,0.0,1473.9199175466354,-0.1321179606680575,1917.7034682921928,0.0014485623097881212
2025-05-08,0.0,1473.9199175466354,-0.1321179606680575,1924.6961182668153,-0.003646366651696133
2025-05-09,0.0,1473.9199175466354,-0.1321179606680575,1916.6191587237993,0.004196485599134225
2025-05-12,0.0,1473.9199175466354,-0.1321179606680575,1976.180896073473,-0.031076459336519115
2025-05-13,0.0,1473.9199175466354,-0.1321179606680575,1956.3114024884037,0.010054491278884763
2025-05-14,0.0,1473.9199175466354,-0.1321179606680575,1969.0864832117045,-0.006530187733430907
2025-05-15,0.0,1473.9199175466354,-0.1321179606680575,1956.4556343545908,0.006414572932577401
2025-05-16,0.0,1473.9199175466354,-0.1321179606680575,1975.8754533134977,-0.00992602061498482
2025-05-19,0.0,1473.9199175466354,-0.1321179606680575,1993.751745003723,-0.009047276568088831
2025-05-20,0.0,1473.9199175466354,-0.1321179606680575,1991.5171402075832,0.0011208039324553034
2025-05-21,0.0,1473.9199175466354,-0.1321179606680575,1964.561347325274,0.013535305490516392
2025-05-22,0.0,1473.9199175466354,-0.1321179606680575,1963.800794040576,0.0003871364392533055
2025-05-23,0.0,1473.9199175466354,-0.1321179606680575,1946.5414868551466,0.008788726044823532
2025-05-27,0.0,1473.9199175466354,-0.1321179606680575,1981.4989771452194,-0.017958769708294634
2025-05-28,0.0,1473.9199175466354,-0.1321179606680575,1977.7161718716673,0.0019090624406993878
2025-05-29,0.0,1473.9199175466354,-0.1321179606680575,1988.8704615026486,-0.005639985044176166
2025-05-30,0.0,1473.9199175466354,-0.1321179606680575,1992.1805049033771,-0.0016642830515102896
2025-06-02,0.0,1473.9199175466354,-0.1321179606680575,2001.4814283309695,-0.004668715211648699
2025-06-03,-0.0005263367555802256,1473.1441393192488,-0.13257475888486583,2002.3786834109032,-0.000974632236733946
2025-06-04,0.01306460075791116,1492.3901793583113,-0.12124219442236181,2007.7504022320388,0.010381931957229786
2025-06-05,-3.539951934161678e-05,1492.337349463292,-0.12127330202629694,1995.3274673162377,0.006152090171603271
2025-06-06,0.01144194979076163,1509.4125984867294,-0.11121895526827996,2024.6460268891794,-0.003251658177446215
2025-06-09,-0.003284933295985115,1504.454278784581,-0.11413854171495959,2023.7933828393336,-0.002863800891346524
2025-06-10,0.006382676767879403,1514.0567241581161,-0.10848437436560388,2037.2244575331272,-0.0002539071876181461
2025-06-11,-0.00046520470616340237,1513.3523778446395,-0.10889911163026718,2031.7641910765124,0.0022150431361518397
2025-06-12,0.0022975968586944617,1516.829451514073,-0.10685172102836907,2042.9352698624914,-0.0032006193393478988
2025-06-13,-0.024290654586551996,1479.9846712406356,-0.1285468773674423,2011.7680456849248,-0.00903455487681208
2025-06-16,0.014887877965849006,1502.0185024173934,-0.11557278962473073,2027.9794739705146,0.006829579038016932
2025-06-17,-0.0010317695394447268,1500.4687654789168,-0.11648531468025199,2015.830831098997,0.004958746157310471
2025-06-18,-0.014865207374570644,1478.1639861210067,-0.12961894369600857,2006.6575689477934,-0.01031459627681185
2025-06-20,-0.010317207729004574,1462.9134612186629,-0.13859884585728724,1992.8487732848032,-0.0034357168973471386
2025-06-23,0.019085500633617025,1490.8338970096784,-0.12215857358409817,2009.674510351168,0.010642442990747923
2025-06-24,0.01675148293781059,1515.8075755985458,-0.10745342790738881,2031.6424592218568,0.005820385012480368
2025-06-25,-0.005857936011880449,1506.928071814366,-0.11268190861433053,2039.9693464605803,-0.00995653475937499
2025-06-26,0.012767453911336935,1526.1677065189558,-0.10135311577786846,2054.4917695293534,0.005648512102740714
2025-06-27,0.004839936954114332,1533.5542619999128,-0.09700372151422207,2071.8032205026147,-0.003586210684932962
2025-06-30,0.008808309535958125,1547.0622826297958,-0.0890498507835011,2082.9409191489685,0.003432461802865272
2025-07-01,-0.012210070594539157,1528.1725429447372,-0.10017261641354051,2087.7429295368465,-0.01451546982297244
2025-07-02,-0.00429125162408861,1521.614770037938,-0.10403400213475535,2087.971350867241,-0.004400662283400677
2025-07-03,0.008035017813294187,1533.8409718201642,-0.09683489938180223,2104.1812994936176,0.00027152593413412324
2025-07-07,-0.0011144048141804586,1532.1316520569806,-0.09784139091793095,2086.597804847476,0.007242049380319622
2025-07-08,0.0002843742911742275,1532.56735090952,-0.09758484020294644,2079.2043232906894,0.0038276932478078004
2025-07-09,0.010536273938560159,1548.7149003479963,-0.08807674687301507,2092.1802886486985,0.004295441706414574
2025-07-10,-0.0039682753956234995,1542.5691731141098,-0.09169550948109581,2097.289009704837,-0.006410092233233543
2025-07-11,-0.003348822137093088,1537.403383319188,-0.09473725966616657,2092.452064378002,-0.0010425375456739102
2025-07-14,0.0014242594225044591,1539.5930445740705,-0.0934479306784039,2088.1248845389923,0.003492254151117626
2025-07-15,-0.0030789679667114767,1534.8526869080551,-0.0962391754600011,2081.943547080397,-0.00011873435982152035
2025-07-16,-0.0037005134697546405,1529.1729438660627,-0.09958355456464797,2097.8286205748113,-0.01133043865033444
2025-07-17,0.003525185298746125,1534.5635618470199,-0.09640941974844994,2103.2574914117863,0.0009373328956801289
2025-07-18,0.00023447387415065357,1534.9233769104965,-0.09619755136445236,2102.325192706347,0.0006777380532854149
2025-07-21,0.0041378402308127615,1541.2746446106917,-0.09245776123178114,2111.4668180518233,-0.00021050006268299223
2025-07-22,-0.007156148047423483,1530.2450550721176,-0.09895226785169664,2116.6928790352404,-0.009631233584518895
2025-07-23,0.004634173379572282,1537.3364759705548,-0.09477665643765104,2135.600119500745,-0.004298270553494864
2025-07-24,0.004032356508814283,1543.5355647156723,-0.09112647319630678,2133.984267911123,0.004788982983437056
2025-07-25,0.0009542519049121623,1545.0084864686019,-0.09025917890203014,2138.8627684218127,-0.0013318476620098178
2025-07-28,0.0015064549334988797,1547.3359721253403,-0.08888869535388169,2138.69152979976,0.0015865155267175842
2025-07-29,-0.008277514343269954,1534.5278764222153,-0.0964304322464053,2116.7306068851676,0.0019908776191035274
2025-07-30,-0.0017989911778292234,1531.7672743103988,-0.09805594592734895,2117.8671752977984,-0.002335936412585923
2025-07-31,0.0512803721979429,1610.3168702576645,-0.051803919132781866,2115.9823182967157,0.05217035105170072
2025-08-01,-0.016845138141970528,1583.1908601258285,-0.0677764131006652,2077.8398116224535,0.0011807717838577397
2025-08-04,0.028464175387946877,1628.2550824410446,-0.04124143742238161,2116.7688476234243,0.00972883506805311
2025-08-05,-0.008944051602415626,1613.6918849617964,-0.04981662348033363,2109.9268026869904,-0.005711745465580752
2025-08-06,9.517780185652747e-05,1613.845472608281,-0.04972618711519579,2125.0668678135403,-0.00708045744163596
2025-08-07,0.0015410097443229187,1616.3324242074018,-0.048261805909765365,2122.587102973716,0.0027079211847970837
2025-08-08,0.0076376828800654994,1628.6774586922654,-0.04099273139845794,2152.377897382634,-0.006397451116170082
2025-08-11,-0.0005216124390357013,1627.8279202706344,-0.041492961518886186,2151.6845163337152,-0.00019946591924386252
2025-08-12,0.005111574227849136,1636.1486835152632,-0.03659348164377404,2177.127071906179,-0.0067129081157869825
2025-08-13,-0.0056896392473080315,1626.8395877511034,-0.042074917181726,2184.0946814824097,-0.008890008057260045
2025-08-14,0.00257683320492208,1631.0316820199023,-0.03960650402049208,2188.484306149846,0.0005670189305441772
2025-08-15,-0.0010896938139647316,1629.2543568856247,-0.04065303887203292,2209.8857975332658,-0.010868832427515544
2025-08-18,0.0002575328309193381,1629.673943372441,-0.04040597553329982,2208.819678282852,0.0007399646613806292
2025-08-19,-0.01404738790936666,1606.7812813241012,-0.0538857650304938,2193.193054017417,-0.006972738756665042
2025-08-20,-0.001279217744263761,1604.7258581978806,-0.05509605114796729,2185.274328490191,0.00233137436148872
2025-08-21,-0.001620723243485056,1602.1250417000779,-0.05662747894073255,2181.374943164815,0.00016366843427305746
2025-08-22,0.008388704610024389,1615.5647954232227,-0.04871380552435243,2211.9272053468676,-0.005617260883338663
2025-08-25,-4.803024799948652e-05,1615.4871994454393,-0.04875949603619158,2205.8704673457673,0.0026901873508705753
2025-08-26,-0.0011310367833208268,1613.6600239998825,-0.04983538403595932,2207.374733823685,-0.0018129745943508235
2025-08-27,0.0032956454401507074,1618.9780752999313,-0.046703978351964784,2213.0188733950486,0.0007386987265374538
2025-08-28,-0.0031800850704157835,1613.8295872933395,-0.04973554079809449,2216.8083371951466,-0.004892435491668068
2025-08-29,-0.010284311579695338,1597.2324609810837,-0.059508356579637545,2215.4245249618893,-0.009660075280129536
2025-09-02,-0.005983343692886112,1587.6756702095995,-0.0651356413225089,2204.228989016088,-0.000929894198372588
2025-09-03,-0.0007998576895655862,1586.405755616246,-0.06588339976849794,2231.582724831503,-0.013209519277232695
2025-09-04,0.003845939783501784,1592.506976624547,-0.062290843573238094,2248.1268391826984,-0.003567683815168265
2025-09-05,-0.017442309560980584,1564.7299769602403,-0.07864665695779968,2233.24115842387,-0.010820939049590625
2025-09-08,0.004649678793081868,1572.0054687510117,-0.07436265985772134,2234.1651684127764,0.0042359259006001185
2025-09-09,0.005210721377279182,1580.1967512522324,-0.0695394215818341,2264.3493365301206,-0.00829954569880627
2025-09-10,0.014055662924900902,1602.4074641428574,-0.056461181326679946,2256.5367967465068,0.017505899007106175
2025-09-11,0.00017673659594374946,1602.690668183385,-0.05629442348772675,2277.5402327200786,-0.009131082360899656
2025-09-12,0.007146302245053748,1614.1439801035508,-0.049550418207627255,2283.5646895967147,0.004501142879661857
2025-09-15,0.003988162357924097,1620.5814483652696,-0.0457598709624182,2297.1826843290632,-0.001975318683094085
2025-09-16,-0.00959289037668909,1605.0353881846056,-0.054913791913313324,2292.222640437871,-0.007433704725052498
2025-09-17,-0.008213499087062148,1591.852431489049,-0.06267625662062831,2295.9096125865112,-0.009821969435272047
2025-09-18,0.010555225929346657,1608.6547935495958,-0.052782592740318074,2290.3836647244884,0.012962092398186988
2025-09-19,0.007201083199009473,1620.2388505564318,-0.04596160138309108,2308.6576411458464,-0.0007774824460420222
2025-09-22,0.010764973322877402,1637.6806785593612,-0.035691403472979416,2316.810435811035,0.007233572858864905
2025-09-23,-0.013131635210698711,1616.1752532969101,-0.04835435219311313,2305.58037633511,-0.008284428334235433
2025-09-24,-0.002393671240930928,1612.306661072789,-0.05063227901182559,2302.4732767891737,-0.0010460281147888016
2025-09-25,-0.0007472471546695614,1611.1018695078476,-0.051341691340069114,2295.3303955235842,0.0023550174134345085
2025-09-26,0.003904652061666125,1617.3926617441757,-0.04763751071934332,2302.1584144515255,0.0009299086690558759
2025-09-29,0.008881822913147763,1631.7580569468123,-0.039178795740427874,2311.0668682608466,0.005012213526843345
2025-09-30,0.011028672951502116,1649.7541828928574,-0.028582212913780537,2320.7023902573737,0.006859376887914785
2025-10-01,0.0024463163418677603,1653.790003510533,-0.026205817706450404,2322.9643145265395,0.0014716440708083332
2025-10-02,0.0005565690331112982,1654.710451813756,-0.02566383401996194,2326.7437184160003,-0.0010704055466645686
2025-10-03,-0.0013413394158460212,1652.4909234629258,-0.026970749523675248,2332.9111282824397,-0.0039920008606902525
2025-10-06,0.0035788559338216785,1658.4049504099476,-0.023488418016826003,2335.8470436805383,0.0023203787623145115
2025-10-07,-0.004084664797122328,1651.6309220896346,-0.027477140499734924,2335.3553335238134,-0.003874158652015246
2025-10-08,0.008068338501157735,1664.9568394480332,-0.01963049686917286,2342.19875263961,0.005137983956151261
2025-10-09,0.004671636211862618,1672.7349121103869,-0.015050567197341175,2341.679037750604,0.004893528093762039
2025-10-10,-0.0247570282629892,1631.3229666147813,-0.03943498814285175,2286.3449437895742,-0.0011269350397167047
2025-10-13,0.012090191023025332,1651.0459729014024,-0.02782157365946425,2312.6561802756196,0.0005822002635753002
2025-10-14,-0.01565983365091228,1625.1908676157577,-0.04304572609496275,2304.2499365303424,-0.012024946711395352
2025-10-15,-0.00019444239951116327,1624.874861603795,-0.043231798580203304,2313.114014604577,-0.004041281205366499
2025-10-16,0.0025748319784510976,1629.0586413584335,-0.04076828121922254,2300.7803463567557,0.007906894371376129
2025-10-17,0.004029409639183745,1635.6227859507187,-0.03690314368535653,2318.4752149008505,-0.0036614021204498725
2025-10-20,0.0011506025520517937,1637.5047377024277,-0.03579500198460779,2347.753770912888,-0.011477764498785863
2025-10-21,-0.002509055669309923,1633.3961471567736,-0.03821424600125527,2338.0974674915906,0.00160394099198062
2025-10-22,0.00027524850265669976,1633.8457370005237,-0.03794951591259057,2331.197956144298,0.0032261568558037313
2025-10-23,0.003613582060305154,1639.749772645055,-0.0344730675421844,2336.506357771883,0.0013364688646652178
2025-10-24,0.009981498491193452,1656.1169325266465,-0.024835661922650007,2358.362418834142,0.000627335601989425
2025-10-27,0.015209534731911667,1681.3057005320175,-0.010003866053340922,2390.177626419919,0.001719153723591084
2025-10-28,0.02398538672222239,1721.6324679575548,0.0,2401.78963549276,0.019127166586410126
2025-10-29,0.010726716221291621,1740.0999308786973,0.0,2399.610509356007,0.011634008893618653
2025-10-30,-0.016622641702891405,1711.1748732004746,-0.016622641702891374,2371.4183071458997,-0.0048739841185933
2025-10-31,-0.005655877161842904,1701.4966783152206,-0.02218450324515741,2358.967465880018,-0.0004054996858984146
2025-11-03,0.007553897597889714,1714.3496099863632,-0.014798185113041686,2346.229179650043,0.0129538390613567
2025-11-04,-0.0166341745933013,1685.8328192598922,-0.03118620411150861,2326.461277989678,-0.008208782124474623
2025-11-05,-0.005903892790019349,1675.8798430330858,-0.03690597689592592,2325.256735958086,-0.005386135609623522
2025-11-06,-0.01345756579052293,1653.3265797884567,-0.04986687807430846,2302.3331109783685,-0.003599030762874912
2025-11-07,-0.0016425686221097635,1650.6108774263962,-0.051427536927210735,2300.514064246967,-0.0008524802014864073
2025-11-10,0.0219185599792584,1686.789890945683,-0.030636194500676898,2331.6551898121916,0.00838196568096692
2025-11-11,-0.004141407892315541,1679.8042059786426,-0.03465072541529679,2347.0060730063174,-0.010725092847620767
2025-11-12,-0.0010521464636422673,1678.0368059237107,-0.03566641424073072,2348.599334457298,-0.0017309949205360775
2025-11-13,-0.013670609238394027,1655.097020462285,-0.04884944186710497,2315.6790531688252,0.00034637561103747355
2025-11-14,0.005418580271207674,1664.0652965242966,-0.04369555621785782,2305.8412622011924,0.009666919847527846
2025-11-17,-0.011794368841791747,1644.4386966402635,-0.05497456355286891,2294.4630452744777,-0.006859850098791723
2025-11-18,-0.009841531552175486,1628.25490132166,-0.06427506120327171,2273.17228572465,-0.0005623411142745161
2025-11-19,0.011448085862584056,1646.895303238164,-0.05356280176016548,2285.7670963934065,0.005907454055725014
2025-11-20,-0.013775198192316873,1624.2089940340625,-0.06660016174250027,2268.1015858077526,-0.006046715875143291
2025-11-21,0.0032737152317956486,1629.5261917574512,-0.06354447647464113,2291.196066419302,-0.006908580286208867
2025-11-24,0.012981219297929725,1650.6794286043748,-0.05138814196100094,2319.4880193366735,0.0006331041226160586
2025-11-25,-0.007359277928103647,1638.531619919072,-0.05836924027020469,2343.7926345828123,-0.017837717585269683
2025-11-26,0.005070232366877869,1646.8393559725387,-0.053594953514574786,2354.866356158529,0.00034553044046880046
2025-11-28,-0.004574064898457464,1639.3066058809864,-0.05792387161742679,2364.48685638563,-0.008659434839703006
2025-12-01,0.010110186878413474,1655.880302017461,-0.04839930590578666,2349.704061095873,0.016362196801764914
2025-12-02,0.006938011429163504,1667.3688184781847,-0.04179708941416114,2355.8470461414454,0.004323646008733634
2025-12-03,-0.002272146280648868,1663.5803126188096,-0.04397426659355571,2361.7153267379863,-0.004763089233058328
2025-12-04,-0.008556113726920667,1649.3465302701768,-0.05215413149444398,2363.4145204924944,-0.00927558814251649
2025-12-05,-0.002906808160606511,1644.5521963163194,-0.054909337600013104,2365.5138002293616,-0.003795048339662841
2025-12-08,-0.0018896101735147441,1641.444633755284,-0.05669519053057793,2348.745084447458,0.005199215848247411
2025-12-09,-0.003333717054150531,1635.9725217862901,-0.05983990186116837,2336.9586254476458,0.0016844771627775009
2025-12-10,0.012659978127358196,1656.6838981290637,-0.047937495582515796,2349.001274336152,0.007506849288288617
2025-12-11,0.0043192327399332875,1663.839501461583,-0.043825316042972906,2371.9745807081968,-0.005460798724092664
2025-12-12,0.002633559712256872,1668.221322140294,-0.04130717291742364,2365.8522381352805,0.005214676146939955
2025-12-15,-0.000661444410463119,1667.1178864713488,-0.04194129492924854,2368.595500454356,-0.0018209683548822736
2025-12-16,-0.007253528182017632,1655.0253998990831,-0.04889060074650659,2359.665652462418,-0.0034834256084776164
2025-12-17,-0.001990170639789235,1651.7316169400985,-0.05078347074812847,2339.8709402600216,0.006398607737240386
2025-12-18,-0.0025623415597428867,1647.4993163724716,-0.05321568771022543,2350.3299103914155,-0.007032233446271988
2025-12-19,-0.001194407007910958,1645.5315316434678,-0.05434653352780451,2364.407599722253,-0.007184072232608257
2025-12-22,-0.0014438441728966689,1643.1556405301867,-0.05571190977494991,2371.718875045811,-0.004536067072373448
2025-12-23,-0.000662354815293198,1642.0672884794053,-0.05633736353853451,2387.035027016253,-0.007120182566968114
2025-12-24,0.004883918184294123,1650.0870107694445,-0.05172859242848136,2398.6491589426846,1.8412737166447445e-05
2025-12-26,-0.0007386214574728323,1648.868221096593,-0.05242900603762162,2400.7158698278085,-0.0016002359530395568
2025-12-29,0.00030257700436564505,1649.3671307035263,-0.05214229284484464,2390.588510721993,0.004521051682313315
2025-12-30,-0.0018094982748115829,1646.3826037259873,-0.05385743973070876,2391.600906172203,-0.0022329904172982973
2025-12-31,-0.001377456602144389,1644.1147831388294,-0.05516071004692146,2378.5768504617768,0.0040682913388327266
2026-01-02,-0.00022773962503630507,1643.7403530546007,-0.0553758873925349,2376.3852759770275,0.0006936409409621772
2026-01-05,-0.009145192210091468,1628.7080315824328,-0.06401465646861727,2386.2188700609568,-0.013283239261357771
2026-01-06,-0.005013211872743728,1620.5429731412707,-0.06870694930552287,2391.0909677785035,-0.0070549766826172415
2026-01-07,0.0024248266740001245,1624.4725089689073,-0.06644872507488789,2383.950838510079,0.005410965371624857
2026-01-08,-0.004168906321755261,1617.7002352567492,-0.07034061288660583,2383.7994670174476,-0.004105410258755124
2026-01-09,-0.001687535518465011,1614.9703086515242,-0.07190944612243415,2385.6477260096403,-0.0024628771601447456
2026-01-12,0.009938828123967625,1631.0212209745225,-0.06268531362396716,2383.0846602538186,0.011013197037650186
2026-01-13,0.0075138561236745005,1643.276479763585,-0.055642465927930554,2362.6996573321794,0.01606789671720842
2026-01-14,0.0066419320952044725,1654.1910105558213,-0.049370107313029175,2354.608548731378,0.010066450558942397
2026-01-15,-0.0005134162120616903,1653.3417220731553,-0.04985817611160509,2358.021450652344,-0.0019628723956828242
2026-01-16,-0.00465668752041537,1645.6426263089952,-0.05428268968553088,2350.725256561286,-0.0015624857738453842
2026-01-20,-0.01125468864104251,1627.12143093546,-0.06492644355556439,2316.1342973790056,0.003460327112385409
2026-01-21,0.0010914134866681913,1628.8972932096299,-0.06390589166503412,2331.436830650841,-0.005515514828823681
2026-01-22,0.0016992185385573677,1631.6651456876575,-0.062315263202317055,2363.635319185436,-0.012111358746354968
2026-01-23,0.0021927037791757975,1635.2429040189563,-0.06025919833626528,2374.507087025932,-0.002406892339671618
2026-01-26,0.010966711494680537,1653.1761411710559,-0.049953332084639264,2392.1195431299966,0.0035494010977997455
2026-01-27,0.008060884825038972,1666.5022036405383,-0.04229511531616141,2359.5368927936847,0.021681713445367373
2026-01-28,0.0032103911352048264,1671.8523275419052,-0.039220508044230024,2373.2030895892567,-0.0025815067737917745
2026-01-29,0.0015056780011504234,1674.3695988126572,-0.03777388349923575,2387.069381229334,-0.004337181255567055
2026-01-30,0.0012793118464144992,1676.5116396756944,-0.03654289622946697,2369.4905843315228,0.0086434869458237
2026-02-02,0.01767473436326128,1706.143537563878,-0.01951404784992567,2384.1604133186156,0.011483602360417072
2026-02-03,0.0028763216543585823,1711.050955166417,-0.016693854873961984,2368.1827808183048,0.009577897777783537
2026-02-04,0.009553046422836164,1727.39670437296,-0.0073002856217128905,2355.1416312645083,0.015059863573702491
2026-02-05,0.004375719630052677,1734.9553080411729,-0.0029565099947601796,2332.1691280680157,0.014129911433862906
2026-02-06,0.005380954185728148,1744.2910230680284,0.0,2369.5592077379133,-0.010651364920078666
2026-02-09,-0.005776395270774115,1734.2153086515245,-0.005776395270774081,2377.523893874825,-0.009137647486334983
2026-02-10,-0.001732361874375199,1731.2110201688588,-0.007498750338210883,2367.789082715773,0.002362154771338317
2026-02-11,0.005476917352102317,1740.6927198453723,-0.0020629030219550567,2364.110159454194,0.007030655093539759
2026-02-12,-0.009423588606710886,1724.2891477628527,-0.011467051679251553,2337.929542882802,0.001650606251212645
2026-02-13,-0.008364571085227923,1709.8662086149034,-0.01973570579557034,2320.185137939694,-0.0007747765180110356
2026-02-17,0.008594253412633313,1724.5612321134386,-0.011311066039821236,2327.7362383452783,0.005339728468865293
2026-02-18,0.003126657213439854,1729.9533439298448,-0.008219774652606478,2335.1935732484776,-7.702831602557879e-05
2026-02-19,-0.0011998821882340804,1727.8776037259875,-0.00940979407964355,2334.917962754684,-0.0010818574998525574
2026-02-20,-0.0018419098379521825,1724.6950089689074,-0.011234371925307308,2355.7645396000325,-0.010770093687612291
2026-02-23,0.006738748331487354,1736.317294582921,-0.004571329198887001,2326.038858176363,0.01935702189999764
2026-02-24,0.007131904018723878,1748.7005428739367,0.0,2330.972606242929,0.005010809588498382
2026-02-25,0.0006682627657113027,1749.8691343351184,0.0,2362.6248390966875,-0.012910718286655333
2026-02-26,-0.004209336905416916,1742.5033456083115,-0.0042093369054169594,2352.0057995320276,0.0002852571532486244
2026-02-27,-0.0017681223828038828,1739.422386440831,-0.00597001666542156,2342.6393002063664,0.0022142229530472757
2026-03-02,0.0005438169800349169,1740.3683138700303,-0.00542944628182038,2345.8123299338,-0.0008106509174147034
2026-03-03,-0.003944565054421867,1733.5033178373155,-0.009352594532174083,2333.156651252623,0.0014504439664124128
2026-03-04,-0.0035784247704222505,1727.3001066251572,-0.012897551746654738,2339.66678675256,-0.006368694123507511
2026-03-05,-0.011243071287470818,1707.8799483915147,-0.02399561494040402,2318.4147417254194,-0.0021597073027053264
2026-03-06,-0.0020476045089699024,1704.382885708409,-0.025994085920026416,2293.4493898151827,0.008720681018604438
2026-03-09,0.006456607636377454,1715.3874172635851,-0.01970531189730079,2311.9294079897863,-0.0016011320533102797
2026-03-10,0.0028086336045058946,1720.2053120084581,-0.016952023293976968,2313.6280579089903,0.00207390099834017
2026-03-11,-0.0010539336002967081,1718.3923298307236,-0.01798809058733109,2309.0966121858814,0.0009046550793393145
2026-03-12,-0.00725913393177724,1705.9182897611436,-0.025116646560358006,2272.40074722668,0.008632736839478225
2026-03-13,-0.007115914593693318,1693.779120907384,-0.03205383324224783,2255.740077601785,0.00021583340244164893
2026-03-16,0.005780516479676923,1703.5700390287218,-0.026458604473864503,2282.358475611318,-0.006019778365389189
2026-03-17,-0.00608623376964279,1693.2017135282335,-0.03238380499146081,2280.106017598234,-0.005099334455992744
2026-03-18,-0.006240244713652698,1682.6357204862413,-0.03842196683720757,2248.22652259129,0.007741339809563586
2026-03-19,-0.0006234102294306876,1681.5867481656846,-0.039021424419477146,2235.5480718853455,0.005015901725368083
2026-03-20,-0.0027275978556862146,1677.0000557572375,-0.04164258752159099,2206.559891699609,0.010239325356700317
2026-03-23,0.0,1677.0000557572375,-0.04164258752159099,2219.1826304833835,-0.00572055117618028
2026-03-24,0.0,1677.0000557572375,-0.04164258752159099,2203.275949330626,0.007167810767017426
2026-03-25,0.0,1677.0000557572375,-0.04164258752159099,2215.825650763221,-0.005695928118494337
2026-03-26,0.0,1677.0000557572375,-0.04164258752159099,2171.6446501934424,0.019938843362771255
2026-03-27,0.0,1677.0000557572375,-0.04164258752159099,2125.6533835617256,0.021178081150440488
2026-03-30,0.0,1677.0000557572375,-0.04164258752159099,2134.8157435677836,-0.0043103734959390105
2026-03-31,0.0,1677.0000557572375,-0.04164258752159099,2202.4734512335435,-0.03169252797090945
2026-04-01,0.0,1677.0000557572375,-0.04164258752159099,2216.000717867309,-0.0061418523007346374
2026-04-02,0.0,1677.0000557572375,-0.04164258752159099,2218.942589993405,-0.0013275591936304282
2026-04-06,0.0,1677.0000557572375,-0.04164258752159099,2227.6072206947347,-0.003904846723121252
2026-04-07,0.0,1677.0000557572375,-0.04164258752159099,2243.6763235049275,-0.007213615874876375
2026-04-08,0.0,1677.0000557572375,-0.04164258752159099,2298.146867875459,-0.024277362915450018
2026-04-09,0.0,1677.0000557572375,-0.04164258752159099,2312.5793844677223,-0.006280067124519995
2026-04-10,0.0,1677.0000557572375,-0.04164258752159099,2306.8625512493604,0.002472059232542981
2026-04-13,0.0,1677.0000557572375,-0.04164258752159099,2329.813234023165,-0.009948873096654447
2026-04-14,0.0,1677.0000557572375,-0.04164258752159099,2365.459422341544,-0.015300019674462938
2026-04-15,0.0,1677.0000557572375,-0.04164258752159099,2388.312016435623,-0.009660953757328429
2026-04-16,0.0,1677.0000557572375,-0.04164258752159099,2391.33848209854,-0.0012671986080925355
2026-04-17,0.0,1677.0000557572375,-0.04164258752159099,2424.6615500037105,-0.013934902212558069
2026-04-20,0.0,1677.0000557572375,-0.04164258752159099,2410.9720184975045,0.005645955620562753
2026-04-21,0.0,1677.0000557572375,-0.04164258752159099,2402.952430489594,0.003326288296331273
2026-04-22,0.0,1677.0000557572375,-0.04164258752159099,2431.289002066608,-0.011792398058933144
2026-04-23,0.0,1677.0000557572375,-0.04164258752159099,2420.246306662841,0.0045419098241225135
2026-04-24,0.0,1677.0000557572375,-0.04164258752159099,2442.0532978780984,-0.009010236336369408
2026-04-27,0.0,1677.0000557572375,-0.04164258752159099,2454.2697585780984,-0.005002536476421409
2026-04-28,0.0,1677.0000557572375,-0.04164258752159099,2462.6031207468227,-0.0033954548556032497
